time,distance
2012-08-30 06:01:30,12.018227578953818
2012-08-30 06:01:40,8.036235078837041
2012-08-30 06:01:49,2.0871760152314414
2012-08-30 06:02:00,13.629880742679733
2012-08-30 06:02:09,23.762571733925466
2012-08-30 06:02:19,10.768351282792372
2012-08-30 06:02:30,9.407986705347597
2012-08-30 06:02:39,27.685510887694832
2012-08-30 06:02:50,14.408140517287476
2012-08-30 06:02:59,18.186812784501882
2012-08-30 06:03:09,10.288758346105663
2012-08-30 06:03:20,4.539159566409605
2012-08-30 06:03:29,5.305623001727405
2012-08-30 06:03:40,4.414624747710294
2012-08-30 06:03:49,8.889372770837198
2012-08-30 06:03:59,8.735112506388875
2012-08-30 06:04:10,9.936690852165892
2012-08-30 06:04:19,9.268080954599464
2012-08-30 06:04:30,4.621730211122792
2012-08-30 06:04:40,3.8397836096529785
2012-08-30 06:04:49,3.854239053938036
2012-08-30 06:05:00,10.23142765979116
2012-08-30 06:05:09,5.044267396174881
2012-08-30 06:05:20,10.557415894710415
2012-08-30 06:05:30,3.6951840740876793
2012-08-30 06:05:39,7.651383127421629
2012-08-30 06:05:50,5.628921069633145
2012-08-30 06:05:59,3.3121697180323464
2012-08-30 06:06:10,3.0882599712918757
2012-08-30 06:06:20,2.6650941762617872
2012-08-30 06:06:29,5.885192386741382
2012-08-30 06:06:40,1.4859343774367884
2012-08-30 06:06:49,4.694957868723552
2012-08-30 06:06:59,9.280399355000213
2012-08-30 06:07:10,19.693963294502957
2012-08-30 06:07:19,8.516565313195786
2012-08-30 06:07:30,6.9197130388337875
2012-08-30 06:07:39,12.448566372621206
2012-08-30 06:07:49,4.696352359852434
2012-08-30 06:08:00,6.083701344225432
2012-08-30 06:08:09,6.759132247486318
2012-08-30 06:08:20,6.474112431822026
2012-08-30 06:08:29,3.288019064225578
2012-08-30 06:08:39,5.765149405619336
2012-08-30 06:08:50,3.5877916103992935
2012-08-30 06:08:59,15.029493145396595
2012-08-30 06:09:10,5.884586715946609
2012-08-30 06:09:20,3.948896778507195
2012-08-30 06:09:29,6.643706779466191
2012-08-30 06:09:40,2.7867371431189993
2012-08-30 06:09:49,1.8195894039282499
2012-08-30 06:10:00,9.885459135254374
2012-08-30 06:10:10,7.188433958354818
2012-08-30 06:10:19,4.249973160568871
2012-08-30 06:10:30,3.1209207054173036
2012-08-30 06:10:39,0.3518989416224522
2012-08-30 06:10:50,1.3897093575710342
2012-08-30 06:11:00,2.9226194267337684
2012-08-30 06:11:09,4.585467555475807
2012-08-30 06:11:20,3.2241154963916308
2012-08-30 06:11:29,3.962376217876172
2012-08-30 06:11:39,1.0753336251150931
2012-08-30 06:11:50,4.6111495576501484
2012-08-30 06:11:59,2.89096416084067
2012-08-30 06:12:10,2.969263465555215
2012-08-30 06:12:19,4.474454251792883
2012-08-30 06:12:29,6.041505123493999
2012-08-30 06:12:40,3.2652694856554945
2012-08-30 06:12:49,7.695716001506307
2012-08-30 06:13:00,11.155415767308211
2012-08-30 06:13:09,3.995350123913056
2012-08-30 06:13:19,3.679532745137701
2012-08-30 06:13:30,3.5635295149049173
2012-08-30 06:13:39,4.029738246401972
2012-08-30 06:13:50,2.871097988191252
2012-08-30 06:14:00,12.965800415631795
2012-08-30 06:14:09,2.8194370492492737
2012-08-30 06:14:20,5.474501119564134
2012-08-30 06:14:29,4.869008437861757
2012-08-30 06:14:40,5.592960785470621
2012-08-30 06:14:50,10.18600167009972
2012-08-30 06:14:59,7.053127928783318
2012-08-30 06:15:10,1.3678789356069654
2012-08-30 06:15:19,3.6558801347570133
2012-08-30 06:15:30,5.889833748400526
2012-08-30 06:15:40,3.2675844215357035
2012-08-30 06:15:49,6.514145189732011
2012-08-30 06:16:00,6.2016147666742665
2012-08-30 06:16:09,4.7610890944805915
2012-08-30 06:16:19,1.7254897247775813
2012-08-30 06:16:30,2.9271292973053615
2012-08-30 06:16:39,6.128053176060951
2012-08-30 06:16:50,9.547787136230795
2012-08-30 06:16:59,15.227702745112481
2012-08-30 06:17:09,10.554092303694897
2012-08-30 06:17:20,9.644024256782945
2012-08-30 06:17:29,9.611785429470737
2012-08-30 06:17:40,9.45628801166676
2012-08-30 06:17:50,9.627386094111888
2012-08-30 06:17:59,2.4198624343641306
2012-08-30 06:18:10,14.590295439274412
2012-08-30 06:18:19,11.513017848609598
2012-08-30 06:18:30,14.801555191711396
2012-08-30 06:18:40,12.916395189225463
2012-08-30 06:18:49,10.318028980109705
2012-08-30 06:19:00,14.351459647346212
2012-08-30 06:19:09,8.603502813810815
2012-08-30 06:19:20,10.482065601113646
2012-08-30 06:19:30,8.05782948013231
2012-08-30 06:19:39,13.5090410933025
2012-08-30 06:19:50,4.238732987948607
2012-08-30 06:19:59,9.908149707377762
2012-08-30 06:20:10,15.9933666032157
2012-08-30 06:20:20,9.1795152179485
2012-08-30 06:20:29,4.822993162356391
2012-08-30 06:20:40,6.808303208743218
2012-08-30 06:20:49,8.453627521873408
2012-08-30 06:20:59,15.878778185391631
2012-08-30 06:21:10,19.908706818067877
2012-08-30 06:21:19,19.672613459206133
2012-08-30 06:21:30,18.533686161331552
2012-08-30 06:21:39,15.896620247711374
2012-08-30 06:21:49,12.586241256937676
2012-08-30 06:22:00,10.584400644871318
2012-08-30 06:22:09,21.951994731217056
2012-08-30 06:22:20,26.123520862649524
2012-08-30 06:22:30,30.675984534457726
2012-08-30 06:22:39,31.201141587047914
2012-08-30 06:22:50,39.33042409573439
2012-08-30 06:22:59,44.86266057064434
2012-08-30 06:23:10,54.23694945001387
2012-08-30 06:23:20,66.06159026755891
2012-08-30 06:23:29,75.78083937678763
2012-08-30 06:23:40,93.62077482780958
2012-08-30 06:23:49,121.31803569675802
2012-08-30 06:24:00,133.14292526046933
2012-08-30 06:24:10,156.3124863461992
2012-08-30 06:24:19,156.97538726790862
2012-08-30 06:24:30,159.96824077691852
2012-08-30 06:24:39,160.19223904886397
2012-08-30 06:24:49,168.869816849961
2012-08-30 06:25:00,167.40180510817862
2012-08-30 06:25:09,164.43536310832647
2012-08-30 06:25:20,166.81074875971694
2012-08-30 06:25:29,159.26204221443666
2012-08-30 06:25:39,162.01672552811533
2012-08-30 06:25:50,156.0475431513073
2012-08-30 06:25:59,140.53929959886779
2012-08-30 06:26:10,143.4008010324418
2012-08-30 06:26:19,147.38375475305165
2012-08-30 06:26:29,148.50766768804093
2012-08-30 06:26:40,147.7272905049911
2012-08-30 06:26:49,144.69576352145626
2012-08-30 06:27:00,150.87819086625265
2012-08-30 06:27:10,152.3425082599655
2012-08-30 06:27:19,143.64085451195507
2012-08-30 06:27:30,143.18273283702155
2012-08-30 06:27:39,141.46605518730075
2012-08-30 06:27:50,140.52497062448964
2012-08-30 06:28:00,135.89956999220232
2012-08-30 06:28:09,124.30501793858737
2012-08-30 06:28:20,106.74773735197623
2012-08-30 06:28:29,97.7728149311873
2012-08-30 06:28:40,66.15612562900309
2012-08-30 06:28:50,41.913291207270646
2012-08-30 06:28:59,24.955436520942637
2012-08-30 06:29:10,17.20856087033198
2012-08-30 06:29:19,8.100618079104699
2012-08-30 06:29:29,12.43258781439431
2012-08-30 06:29:40,18.15328564102441
2012-08-30 06:29:49,23.43130465841937
2012-08-30 06:30:00,20.31960080613082
2012-08-30 06:30:09,24.147862468381234
2012-08-30 06:30:19,24.036399900942165
2012-08-30 06:30:30,17.556739023548673
2012-08-30 06:30:39,14.77800393372004
2012-08-30 06:30:50,16.973684479271434
2012-08-30 06:30:59,11.712583532960908
2012-08-30 06:31:09,10.610047577548944
2012-08-30 06:31:20,4.14492926850215
2012-08-30 06:31:29,8.813131234170557
2012-08-30 06:31:40,8.779231858885518
2012-08-30 06:31:50,6.664124644563593
2012-08-30 06:31:59,9.087875376911219
2012-08-30 06:32:10,7.021363990916967
2012-08-30 06:32:19,5.720753404701544
2012-08-30 06:32:30,7.376824356245996
2012-08-30 06:32:40,6.8517872754625655
2012-08-30 06:32:49,5.973333745609792
2012-08-30 06:33:00,9.300733653554778
2012-08-30 06:33:09,12.456221675913133
2012-08-30 06:33:20,5.296672883681848
2012-08-30 06:33:30,1.5283144971630491
2012-08-30 06:33:39,2.14224588787444
2012-08-30 06:33:50,6.806004707592234
2012-08-30 06:33:59,2.931663408717779
2012-08-30 06:34:09,1.7663539576747862
2012-08-30 06:34:20,4.289119694307778
2012-08-30 06:34:29,8.211203219182185
2012-08-30 06:34:40,10.778519557090085
2012-08-30 06:34:49,10.733151508155927
2012-08-30 06:34:59,9.727979763615826
2012-08-30 06:35:10,12.407968182162193
2012-08-30 06:35:19,11.695582612585
2012-08-30 06:35:30,12.869699946827746
2012-08-30 06:35:39,12.624232387554555
2012-08-30 06:35:49,17.14832883067355
2012-08-30 06:36:00,12.633829724294058
2012-08-30 06:36:09,9.55563008516154
2012-08-30 06:36:20,15.099069443259005
2012-08-30 06:36:30,12.297777293856273
2012-08-30 06:36:39,10.066419646008182
2012-08-30 06:36:50,13.449971208463825
2012-08-30 06:36:59,15.57296197058129
2012-08-30 06:37:10,16.660183731726324
2012-08-30 06:37:20,14.772257776656806
2012-08-30 06:37:29,11.783277920833253
2012-08-30 06:37:40,14.33609604198123
2012-08-30 06:37:49,13.319780888683352
2012-08-30 06:38:00,14.189287004663628
2012-08-30 06:38:10,12.967511452827772
2012-08-30 06:38:19,11.546404483922625
2012-08-30 06:38:30,9.855157658302671
2012-08-30 06:38:39,11.984635568477021
2012-08-30 06:38:49,18.317262173766284
2012-08-30 06:39:00,11.237963859874586
2012-08-30 06:39:09,6.881485905598319
2012-08-30 06:39:20,6.903587867936873
2012-08-30 06:39:29,4.295360651760596
2012-08-30 06:39:39,0.5971339543738006
2012-08-30 06:39:50,6.944963741075339
2012-08-30 06:39:59,6.354836849481851
2012-08-30 06:40:10,4.539891762646795
2012-08-30 06:40:20,5.984379558563214
2012-08-30 06:40:29,3.4002891769611674
2012-08-30 06:40:40,3.409944803417337
2012-08-30 06:40:49,2.3216083914504466
2012-08-30 06:41:00,1.481281413270793
2012-08-30 06:41:10,8.426151887624002
2012-08-30 06:41:19,4.2070160107905625
2012-08-30 06:41:30,4.716634017220415
2012-08-30 06:41:39,5.712028263840888
2012-08-30 06:41:50,4.386764116941879
2012-08-30 06:42:00,6.655097227496817
2012-08-30 06:42:09,7.184443080591433
2012-08-30 06:42:20,1.549427933590387
2012-08-30 06:42:29,5.029125693569118
2012-08-30 06:42:40,1.1858538240139138
2012-08-30 06:42:50,3.32167472216142
2012-08-30 06:42:59,3.9306026711901514
2012-08-30 06:43:10,4.414363938496318
2012-08-30 06:43:19,2.032415314022784
2012-08-30 06:43:29,4.013750546040991
2012-08-30 06:43:40,5.109572969060656
2012-08-30 06:43:49,7.417161360230628
2012-08-30 06:44:00,4.947747832689829
2012-08-30 06:44:09,5.428036099182706
2012-08-30 06:44:19,5.581469694919248
2012-08-30 06:44:30,5.596860200837976
2012-08-30 06:44:39,8.989570096371189
2012-08-30 06:44:50,3.432899555320353
2012-08-30 06:45:00,7.702850432163798
2012-08-30 06:45:09,7.270025656310268
2012-08-30 06:45:20,11.04574605667483
2012-08-30 06:45:29,6.41559285442558
2012-08-30 06:45:40,5.192891943497877
2012-08-30 06:45:50,4.415438525616832
2012-08-30 06:45:59,2.3193420359398167
2012-08-30 06:46:10,11.360532888788768
2012-08-30 06:46:19,3.8101577470069024
2012-08-30 06:46:30,3.7219682610006766
2012-08-30 06:46:40,2.8867000573251853
2012-08-30 06:46:49,6.96922913619281
2012-08-30 06:47:00,3.7174135770849923
2012-08-30 06:47:09,2.6073744621635857
2012-08-30 06:47:19,5.590220018586332
2012-08-30 06:47:30,5.029677618870811
2012-08-30 06:47:39,5.1248901164682445
2012-08-30 06:47:50,0.7807939773678189
2012-08-30 06:47:59,1.693917028904982
2012-08-30 06:48:09,2.3890430371485034
2012-08-30 06:48:20,2.598670214737295
2012-08-30 06:48:29,3.711838963229511
2012-08-30 06:48:40,3.1395918165265253
2012-08-30 06:48:49,1.817613644058853
2012-08-30 06:48:59,7.200683583562374
2012-08-30 06:49:10,6.294093594425008
2012-08-30 06:49:19,2.9787121672910346
2012-08-30 06:49:30,3.3518299265871767
2012-08-30 06:49:40,9.319848881709216
2012-08-30 06:49:49,15.38904608946911
2012-08-30 06:50:00,26.508613967298736
2012-08-30 06:50:09,25.327441361047445
2012-08-30 06:50:20,34.21600208769641
2012-08-30 06:50:30,36.25310083911929
2012-08-30 06:50:39,43.531006446251695
2012-08-30 06:50:50,47.848892203238634
2012-08-30 06:50:59,48.72460142047486
2012-08-30 06:51:10,48.094099048181306
2012-08-30 06:51:20,49.25061414833136
2012-08-30 06:51:29,46.67039751823958
2012-08-30 06:51:40,52.09946803885325
2012-08-30 06:51:49,49.78100725484835
2012-08-30 06:51:59,47.52256359409736
2012-08-30 06:52:10,52.44566771285574
2012-08-30 06:52:19,53.237371237827475
2012-08-30 06:52:30,54.230720273284476
2012-08-30 06:52:39,64.95963100178666
2012-08-30 06:52:49,68.59083464037484
2012-08-30 06:53:00,70.57545975327733
2012-08-30 06:53:09,68.681577052615
2012-08-30 06:53:20,64.10192423502826
2012-08-30 06:53:29,70.43029901656357
2012-08-30 06:53:39,71.3533287342544
2012-08-30 06:53:50,66.16867258348317
2012-08-30 06:53:59,62.3398902182026
2012-08-30 06:54:10,63.53256696410154
2012-08-30 06:54:20,50.82501691606392
2012-08-30 06:54:29,42.911066301231166
2012-08-30 06:54:40,32.87783737849331
2012-08-30 06:54:49,16.843048002789352
2012-08-30 06:55:00,0.8362705890116566
2012-08-30 06:55:10,9.306038593422622
2012-08-30 06:55:19,16.90024479027292
2012-08-30 06:55:30,20.455962645129578
2012-08-30 06:55:39,33.8865742427085
2012-08-30 06:55:50,40.408314747235316
2012-08-30 06:56:00,42.58766062582611
2012-08-30 06:56:09,41.874041947657744
2012-08-30 06:56:20,45.591294441862836
2012-08-30 06:56:29,47.216416106218254
2012-08-30 06:56:39,49.02423816607223
2012-08-30 06:56:50,48.10151137483673
2012-08-30 06:56:59,48.688234431049736
2012-08-30 06:57:10,52.454691865471254
2012-08-30 06:57:19,52.74919985650022
2012-08-30 06:57:29,55.44171501881255
2012-08-30 06:57:40,62.11112931032285
2012-08-30 06:57:49,67.74890588821002
2012-08-30 06:58:00,69.60045114906362
2012-08-30 06:58:09,69.98467271688013
2012-08-30 06:58:19,66.83598343876096
2012-08-30 06:58:30,70.47763155380977
2012-08-30 06:58:39,72.74162698934322
2012-08-30 06:58:50,64.6681148384037
2012-08-30 06:59:00,57.7393178023981
2012-08-30 06:59:09,57.757136131545835
2012-08-30 06:59:20,49.26386007503991
2012-08-30 06:59:29,42.25330781381137
2012-08-30 06:59:40,34.75432786315639
2012-08-30 06:59:50,33.074514008993184
2012-08-30 06:59:59,25.048596317018575
2012-08-30 07:00:10,17.9700964241413
2012-08-30 07:00:19,17.260020884062513
2012-08-30 07:00:30,19.08067098514177
2012-08-30 07:00:40,12.02989784343793
2012-08-30 07:00:49,14.941853876191704
2012-08-30 07:01:00,15.395949385977131
2012-08-30 07:01:09,10.42349335800283
2012-08-30 07:01:19,14.135904245243895
2012-08-30 07:01:30,8.74127515231011
2012-08-30 07:01:39,12.922006131817682
2012-08-30 07:01:50,6.985930366461704
2012-08-30 07:01:59,3.7036408948912456
2012-08-30 07:02:09,5.196714568221547
2012-08-30 07:02:20,10.233472103412272
2012-08-30 07:02:29,9.99278703609273
2012-08-30 07:02:40,3.1402064030259127
2012-08-30 07:02:50,7.5772228747091
2012-08-30 07:02:59,7.332009994351377
2012-08-30 07:03:10,5.207042069520134
2012-08-30 07:03:19,9.960996380691483
2012-08-30 07:03:30,6.903556331102779
2012-08-30 07:03:40,14.216194773256822
2012-08-30 07:03:49,7.369117116564728
2012-08-30 07:04:00,9.563520747849434
2012-08-30 07:04:09,5.8873972211801275
2012-08-30 07:04:20,7.915901935757379
2012-08-30 07:04:30,3.9664956960765076
2012-08-30 07:04:39,5.514372184276484
2012-08-30 07:04:50,6.408550145980144
2012-08-30 07:04:59,7.60306215290735
2012-08-30 07:05:10,4.910776921570946
2012-08-30 07:05:20,6.437553666404608
2012-08-30 07:05:29,4.809822462723205
2012-08-30 07:05:40,7.03572497028786
2012-08-30 07:05:49,3.4508347911256445
2012-08-30 07:05:59,7.036426358227336
2012-08-30 07:06:10,8.069973470663378
2012-08-30 07:06:19,8.978484854433356
2012-08-30 07:06:30,13.970197561520648
2012-08-30 07:06:39,8.368375453015812
2012-08-30 07:06:49,2.622457210156499
2012-08-30 07:07:00,10.206095136938501
2012-08-30 07:07:09,12.05683261132952
2012-08-30 07:07:20,10.28545695828118
2012-08-30 07:07:30,4.100715255194329
2012-08-30 07:07:39,10.493865752585494
2012-08-30 07:07:50,5.245553846375993
2012-08-30 07:07:59,11.571472641350123
2012-08-30 07:08:10,3.463633241788778
2012-08-30 07:08:20,2.182505605752434
2012-08-30 07:08:29,12.176421040951455
2012-08-30 07:08:40,10.522700938911584
2012-08-30 07:08:49,10.4203349524216
2012-08-30 07:09:00,7.447022008046334
2012-08-30 07:09:10,9.219753102720698
2012-08-30 07:09:19,4.791044635674804
2012-08-30 07:09:30,9.044218066288249
2012-08-30 07:09:39,5.964219718399039
2012-08-30 07:09:49,4.426470949121803
2012-08-30 07:10:00,9.160662185146675
2012-08-30 07:10:09,11.614401963488623
2012-08-30 07:10:20,8.255790203774962
2012-08-30 07:10:29,0.9254507427701008
2012-08-30 07:10:39,6.052522249224898
2012-08-30 07:10:50,8.577241975911127
2012-08-30 07:10:59,4.524080046795924
2012-08-30 07:11:10,9.670515724866457
2012-08-30 07:11:19,1.362271719399963
2012-08-30 07:11:29,11.30577132008592
2012-08-30 07:11:40,5.211464052297248
2012-08-30 07:11:49,15.540089550404886
2012-08-30 07:12:00,7.013395104377121
2012-08-30 07:12:10,5.150217310259481
2012-08-30 07:12:19,9.188708548866677
2012-08-30 07:12:30,3.559456510009754
2012-08-30 07:12:39,5.048405245568716
2012-08-30 07:12:50,3.068548521907248
2012-08-30 07:13:00,9.29034360956625
2012-08-30 07:13:09,5.74600651193454
2012-08-30 07:13:20,3.0559764704939103
2012-08-30 07:13:29,10.270643804306777
2012-08-30 07:13:40,9.707101299824064
2012-08-30 07:13:50,7.598655340420287
2012-08-30 07:13:59,4.9395513919130485
2012-08-30 07:14:10,5.558464075307217
2012-08-30 07:14:19,7.760019453769713
2012-08-30 07:14:29,1.224491178631536
2012-08-30 07:14:40,1.93347356756378
2012-08-30 07:14:49,1.7734333938811104
2012-08-30 07:15:00,4.066351886097068
2012-08-30 07:15:09,11.040935143182633
2012-08-30 07:15:19,9.594865069272648
2012-08-30 07:15:30,21.826917081119632
2012-08-30 07:15:39,27.413566250716077
2012-08-30 07:15:50,30.802296938625044
2012-08-30 07:15:59,36.90384577765658
2012-08-30 07:16:09,36.31082324761845
2012-08-30 07:16:20,48.45339302098655
2012-08-30 07:16:29,55.71450714346446
2012-08-30 07:16:40,58.91563521705937
2012-08-30 07:16:50,61.98571916530158
2012-08-30 07:16:59,76.25568938983692
2012-08-30 07:17:10,85.68202031076603
2012-08-30 07:17:19,87.16513510185132
2012-08-30 07:17:30,87.9321844589889
2012-08-30 07:17:40,88.90999477444154
2012-08-30 07:17:49,98.00535503767205
2012-08-30 07:18:00,104.59684407876239
2012-08-30 07:18:09,109.25803898884688
2012-08-30 07:18:20,120.88818367284566
2012-08-30 07:18:30,127.04351184635567
2012-08-30 07:18:39,134.27615702508018
2012-08-30 07:18:50,143.8766205515683
2012-08-30 07:18:59,149.41866087233902
2012-08-30 07:19:09,153.50407890737338
2012-08-30 07:19:20,160.17559160229345
2012-08-30 07:19:29,164.49305511159673
2012-08-30 07:19:40,159.9858137328643
2012-08-30 07:19:49,166.32634173790782
2012-08-30 07:19:59,167.16090934373196
2012-08-30 07:20:10,164.21406933850932
2012-08-30 07:20:19,162.5395148175413
2012-08-30 07:20:30,160.8939859898758
2012-08-30 07:20:39,159.42238973651445
2012-08-30 07:20:49,160.91432452668712
2012-08-30 07:21:00,164.3104446741869
2012-08-30 07:21:09,168.766515391059
2012-08-30 07:21:20,166.956122657157
2012-08-30 07:21:30,171.23687573844126
2012-08-30 07:21:39,171.15475854363999
2012-08-30 07:21:50,170.65271777135675
2012-08-30 07:21:59,171.05446876063152
2012-08-30 07:22:10,169.9190500514754
2012-08-30 07:22:20,169.8802154293305
2012-08-30 07:22:29,173.54983970893218
2012-08-30 07:22:40,181.441144978731
2012-08-30 07:22:49,171.74235989322113
2012-08-30 07:23:00,169.38545741973175
2012-08-30 07:23:10,167.53468765565805
2012-08-30 07:23:19,159.4973584279542
2012-08-30 07:23:30,156.1384469584202
2012-08-30 07:23:39,155.93143592809955
2012-08-30 07:23:49,159.72935819375937
2012-08-30 07:24:00,150.16071433058684
2012-08-30 07:24:09,144.01848400195954
2012-08-30 07:24:20,141.5845967566277
2012-08-30 07:24:29,143.30670421474554
2012-08-30 07:24:39,163.95709623122997
2012-08-30 07:24:50,178.11339103508192
2012-08-30 07:24:59,183.29419972126504
2012-08-30 07:25:10,179.9216093542611
2012-08-30 07:25:20,179.7438852639681
2012-08-30 07:25:29,176.9979258311796
2012-08-30 07:25:40,172.10976463946875
2012-08-30 07:25:49,162.60125423491388
2012-08-30 07:26:00,157.2680311071942
2012-08-30 07:26:10,154.23640443019755
2012-08-30 07:26:19,148.51884110898638
2012-08-30 07:26:30,144.09722824041893
2012-08-30 07:26:39,134.15363330579748
2012-08-30 07:26:50,130.0957431909106
2012-08-30 07:27:00,122.7009420205651
2012-08-30 07:27:09,124.10240315828935
2012-08-30 07:27:20,121.12202717920117
2012-08-30 07:27:29,117.20629960331483
2012-08-30 07:27:40,106.15826045838291
2012-08-30 07:27:50,108.78939454822321
2012-08-30 07:27:59,112.28611927313374
2012-08-30 07:28:10,117.94078975580544
2012-08-30 07:28:19,114.0405102420999
2012-08-30 07:28:29,116.88798714399495
2012-08-30 07:28:40,108.53539449683964
2012-08-30 07:28:49,102.35767301228294
2012-08-30 07:29:00,98.29399304232953
2012-08-30 07:29:09,104.20307693099166
2012-08-30 07:29:19,101.30483433265738
2012-08-30 07:29:30,77.92580142032911
2012-08-30 07:29:39,65.01695087195289
2012-08-30 07:29:50,51.24739956667606
2012-08-30 07:30:00,25.572362452945075
2012-08-30 07:30:09,16.130890582608178
2012-08-30 07:30:20,19.385935940642344
2012-08-30 07:30:29,11.195199348218756
2012-08-30 07:30:40,12.913437541178197
2012-08-30 07:30:50,14.162270235404524
2012-08-30 07:30:59,16.694521498105583
2012-08-30 07:31:10,12.65787370156566
2012-08-30 07:31:19,10.979381605469532
2012-08-30 07:31:30,12.710099544229779
2012-08-30 07:31:40,16.296246254888196
2012-08-30 07:31:49,15.741349663439628
2012-08-30 07:32:00,16.516209670522652
2012-08-30 07:32:09,10.07037464418463
2012-08-30 07:32:19,8.575089874390505
2012-08-30 07:32:30,8.834650507191183
2012-08-30 07:32:39,11.174419186235948
2012-08-30 07:32:50,10.658211707204368
2012-08-30 07:32:59,6.40714049281597
2012-08-30 07:33:09,12.340919527167301
2012-08-30 07:33:20,7.045082819782305
2012-08-30 07:33:29,10.793273737684922
2012-08-30 07:33:40,3.2998908232324253
2012-08-30 07:33:49,3.2658905695135467
2012-08-30 07:33:59,6.7437327388224775
2012-08-30 07:34:10,10.787307870719248
2012-08-30 07:34:19,6.003871072512754
2012-08-30 07:34:30,17.055670352448136
2012-08-30 07:34:40,8.10385220522999
2012-08-30 07:34:49,19.764152942553228
2012-08-30 07:35:00,6.9316456681072385
2012-08-30 07:35:09,8.766569341003088
2012-08-30 07:35:20,13.488119538073533
2012-08-30 07:35:30,6.658773516205432
2012-08-30 07:35:39,4.176497582996823
2012-08-30 07:35:50,2.6015654493347093
2012-08-30 07:35:59,4.400101811602998
2012-08-30 07:36:10,2.153683344915862
2012-08-30 07:36:20,1.2272585665092408
2012-08-30 07:36:29,4.3434042655908165
2012-08-30 07:36:40,3.5766664787498614
2012-08-30 07:36:49,3.9476920694940745
2012-08-30 07:36:59,7.118599019385839
2012-08-30 07:37:10,6.027944381350858
2012-08-30 07:37:19,1.5643802036208874
2012-08-30 07:37:30,6.960042507673551
2012-08-30 07:37:39,5.440450898770005
2012-08-30 07:37:49,9.649207086563404
2012-08-30 07:38:00,7.774502283182023
2012-08-30 07:38:09,13.258686482082867
2012-08-30 07:38:20,4.225306239890276
2012-08-30 07:38:29,8.195936186244625
2012-08-30 07:38:39,8.82290786277973
2012-08-30 07:38:50,4.237150681855961
2012-08-30 07:38:59,14.352680503867147
2012-08-30 07:39:10,13.664333053849475
2012-08-30 07:39:20,12.728277152250325
2012-08-30 07:39:29,19.371290297657616
2012-08-30 07:39:40,15.333245368148601
2012-08-30 07:39:49,13.775309960507679
2012-08-30 07:40:00,17.94153314261153
2012-08-30 07:40:10,14.347474628592604
2012-08-30 07:40:19,13.336130825770704
2012-08-30 07:40:30,16.351883545904247
2012-08-30 07:40:39,17.061629174411063
2012-08-30 07:40:50,22.759878211413568
2012-08-30 07:41:00,20.80897988949403
2012-08-30 07:41:09,20.73595203534353
2012-08-30 07:41:20,22.562800543740998
2012-08-30 07:41:29,23.223009514262483
2012-08-30 07:41:39,21.531590248412716
2012-08-30 07:41:50,22.835173840682103
2012-08-30 07:41:59,19.798848739505754
2012-08-30 07:42:10,20.42572618333793
2012-08-30 07:42:19,22.148768274679224
2012-08-30 07:42:29,21.526778978896164
2012-08-30 07:42:40,20.570497537002165
2012-08-30 07:42:49,20.521363338868227
2012-08-30 07:43:00,18.019503527159163
2012-08-30 07:43:09,16.102435233464174
2012-08-30 07:43:19,15.284341086755482
2012-08-30 07:43:30,9.141956005986279
2012-08-30 07:43:39,6.2716430967167955
2012-08-30 07:43:50,12.676696188782039
2012-08-30 07:44:00,8.740940243731714
2012-08-30 07:44:09,5.649952281747265
2012-08-30 07:44:20,5.611789695532625
2012-08-30 07:44:29,4.543883741885653
2012-08-30 07:44:40,2.251253466171296
2012-08-30 07:44:50,4.879787307369174
2012-08-30 07:44:59,4.7310793378655305
2012-08-30 07:45:10,3.515708274136894
2012-08-30 07:45:19,4.383561065335033
2012-08-30 07:45:30,3.1357354138323372
2012-08-30 07:45:40,2.3276016819849947
2012-08-30 07:45:49,3.1067184879307725
2012-08-30 07:46:00,2.4670858480663425
2012-08-30 07:46:09,3.061831183358674
2012-08-30 07:46:19,4.080986522133037
2012-08-30 07:46:30,4.970795274193413
2012-08-30 07:46:39,2.356604334373384
2012-08-30 07:46:50,3.0421051960227055
2012-08-30 07:46:59,4.096960183409175
2012-08-30 07:47:09,0.9024060249931435
2012-08-30 07:47:20,0.501620285490359
2012-08-30 07:47:29,3.904902839216475
2012-08-30 07:47:40,1.6521028361006636
2012-08-30 07:47:50,4.502507011417158
2012-08-30 07:47:59,6.047791859401292
2012-08-30 07:48:10,3.1097680046192515
2012-08-30 07:48:19,6.055351878407073
2012-08-30 07:48:30,3.321707597918802
2012-08-30 07:48:40,1.23620252106064
2012-08-30 07:48:49,3.574384345615345
2012-08-30 07:49:00,2.829879886577463
2012-08-30 07:49:09,3.2999614813204845
2012-08-30 07:49:20,3.151572089998435
2012-08-30 07:49:30,4.233519230602236
2012-08-30 07:49:39,2.0722594297442374
2012-08-30 07:49:50,3.8171588170687305
2012-08-30 07:49:59,2.8561341676135603
2012-08-30 07:50:10,3.4531481315722172
2012-08-30 07:50:20,0.9937320582559945
2012-08-30 07:50:29,0.4871645676499046
2012-08-30 07:50:40,10.025169020152207
2012-08-30 07:50:49,11.173719903808617
2012-08-30 07:50:59,20.075343246930384
2012-08-30 07:51:10,31.835152846930065
2012-08-30 07:51:19,32.8987440405065
2012-08-30 07:51:30,40.875432265538805
2012-08-30 07:51:39,50.29057498019626
2012-08-30 07:51:49,49.71542124859588
2012-08-30 07:52:00,49.971877097434565
2012-08-30 07:52:09,51.718290935951984
2012-08-30 07:52:20,58.22603120874711
2012-08-30 07:52:30,67.16316891725417
2012-08-30 07:52:39,73.83760042154202
2012-08-30 07:52:50,84.22789790615084
2012-08-30 07:52:59,88.33660113457569
2012-08-30 07:53:10,91.22294052815846
2012-08-30 07:53:20,100.03300837109572
2012-08-30 07:53:29,105.93711333798404
2012-08-30 07:53:40,116.40199922174254
2012-08-30 07:53:49,122.40390257156766
2012-08-30 07:54:00,129.31911350441024
2012-08-30 07:54:10,132.63003673414556
2012-08-30 07:54:19,138.74818880016514
2012-08-30 07:54:30,145.89945987493545
2012-08-30 07:54:39,148.0525537942307
2012-08-30 07:54:49,150.01434263932165
2012-08-30 07:55:00,152.6354711510186
2012-08-30 07:55:09,157.08335864125567
2012-08-30 07:55:20,158.96260342790148
2012-08-30 07:55:29,162.39307262054695
2012-08-30 07:55:39,156.37306057603897
2012-08-30 07:55:50,153.7730408735566
2012-08-30 07:55:59,150.6322590411412
2012-08-30 07:56:10,146.76394495774207
2012-08-30 07:56:19,139.4004034340855
2012-08-30 07:56:29,129.95721519854683
2012-08-30 07:56:40,121.06551404975684
2012-08-30 07:56:49,121.2550306907824
2012-08-30 07:57:00,122.90140671864545
2012-08-30 07:57:10,123.26970784677057
2012-08-30 07:57:19,117.78796619935079
2012-08-30 07:57:30,109.79285370428296
2012-08-30 07:57:39,104.9139357196714
2012-08-30 07:57:50,96.22240734977956
2012-08-30 07:58:00,93.43990703992196
2012-08-30 07:58:09,87.70348602423397
2012-08-30 07:58:20,80.20081768984143
2012-08-30 07:58:29,78.20670968375299
2012-08-30 07:58:40,78.5262494392614
2012-08-30 07:58:50,74.46298663728413
2012-08-30 07:58:59,72.78324601593462
2012-08-30 07:59:10,67.83218747601029
2012-08-30 07:59:19,62.52643286101759
2012-08-30 07:59:29,56.392663142266834
2012-08-30 07:59:40,58.0433290774477
2012-08-30 07:59:49,52.84940819387975
2012-08-30 08:00:00,49.80057049661155
2012-08-30 08:00:09,45.99806354440236
2012-08-30 08:00:19,43.47202763393676
2012-08-30 08:00:30,39.774884221866955
2012-08-30 08:00:39,39.1956352663426
2012-08-30 08:00:50,41.50949630279198
2012-08-30 08:00:59,37.072854437862645
2012-08-30 08:01:09,33.7949326238725
2012-08-30 08:01:20,35.43382056233827
2012-08-30 08:01:29,34.2186680243829
2012-08-30 08:01:40,36.722245458371596
2012-08-30 08:01:50,36.432545707343444
2012-08-30 08:01:59,34.84632635876939
2012-08-30 08:02:10,34.31534790054127
2012-08-30 08:02:19,37.76024201609194
2012-08-30 08:02:30,42.009291132687544
2012-08-30 08:02:40,39.81908781653343
2012-08-30 08:02:49,40.44908503046354
2012-08-30 08:03:00,34.28266817336207
2012-08-30 08:03:09,22.724066293522597
2012-08-30 08:03:20,21.068043334638
2012-08-30 08:03:30,15.464634576261211
2012-08-30 08:03:39,11.04701783382399
2012-08-30 08:03:50,10.00947372138634
2012-08-30 08:03:59,10.739473729902073
2012-08-30 08:04:09,9.70603649926398
2012-08-30 08:04:20,7.101369255406719
2012-08-30 08:04:29,8.305925921336206
2012-08-30 08:04:40,10.876607312442918
2012-08-30 08:04:49,16.500478212477002
2012-08-30 08:04:59,17.138734492524858
2012-08-30 08:05:10,20.473882381922074
2012-08-30 08:05:19,19.30447928950837
2012-08-30 08:05:30,21.30296644306736
2012-08-30 08:05:39,22.064997594400037
2012-08-30 08:05:49,22.508609608125873
2012-08-30 08:06:00,22.59187714692675
2012-08-30 08:06:09,20.684085315595674
2012-08-30 08:06:20,19.618748283491602
2012-08-30 08:06:30,24.68699923494373
2012-08-30 08:06:39,22.00647234087252
2012-08-30 08:06:50,17.618687656289968
2012-08-30 08:06:59,6.042658739382797
2012-08-30 08:07:10,8.420723995502943
2012-08-30 08:07:20,14.643720985927814
2012-08-30 08:07:29,20.44952240290543
2012-08-30 08:07:40,19.258891326802384
2012-08-30 08:07:49,19.101578046354092
2012-08-30 08:08:00,15.253544719706476
2012-08-30 08:08:10,11.684198697810965
2012-08-30 08:08:19,14.262478462405067
2012-08-30 08:08:30,14.215331333103862
2012-08-30 08:08:39,14.305165673282385
2012-08-30 08:08:49,13.726501913392342
2012-08-30 08:09:00,20.371634525035414
2012-08-30 08:09:09,20.26860370496662
2012-08-30 08:09:20,21.732903983881833
2012-08-30 08:09:29,23.595350236902807
2012-08-30 08:09:39,28.568595930536368
2012-08-30 08:09:50,34.384849173245364
2012-08-30 08:09:59,36.51967122883024
2012-08-30 08:10:10,34.12761242448818
2012-08-30 08:10:20,34.83346010824541
2012-08-30 08:10:29,35.54230016676919
2012-08-30 08:10:40,36.96170506042138
2012-08-30 08:10:49,36.28109763430327
2012-08-30 08:11:00,33.813693153787995
2012-08-30 08:11:10,33.51298982348602
2012-08-30 08:11:19,34.44041236049792
2012-08-30 08:11:30,37.11878623682856
2012-08-30 08:11:39,36.17238036642077
2012-08-30 08:11:50,32.54200140228702
2012-08-30 08:12:00,26.163879744711444
2012-08-30 08:12:09,21.395678290441175
2012-08-30 08:12:20,23.593053345403327
2012-08-30 08:12:29,28.014641085191617
2012-08-30 08:12:40,29.11330114861049
2012-08-30 08:12:50,31.667066392527623
2012-08-30 08:12:59,26.011353151854497
2012-08-30 08:13:10,30.72830702254327
2012-08-30 08:13:19,29.37601369978174
2012-08-30 08:13:29,35.5843229657821
2012-08-30 08:13:40,28.170980203996947
2012-08-30 08:13:49,27.341447272450004
2012-08-30 08:14:00,22.202833955253105
2012-08-30 08:14:09,20.68168362131491
2012-08-30 08:14:19,20.55699062391375
2012-08-30 08:14:30,18.4061056636627
2012-08-30 08:14:39,15.263332155476183
2012-08-30 08:14:50,8.665406753179843
2012-08-30 08:15:00,9.269292809773672
2012-08-30 08:15:09,9.808008111904106
2012-08-30 08:15:20,13.647915968192768
2012-08-30 08:15:29,16.260899618030507
2012-08-30 08:15:40,16.942882791490216
2012-08-30 08:15:50,16.81616964311405
2012-08-30 08:15:59,15.814395379896236
2012-08-30 08:16:10,13.48865918483202
2012-08-30 08:16:19,14.430753205045399
2012-08-30 08:16:30,15.505514640788995
2012-08-30 08:16:40,17.98688726249659
2012-08-30 08:16:49,15.90305270084939
2012-08-30 08:17:00,16.871385756536736
2012-08-30 08:17:09,16.944900395445984
2012-08-30 08:17:19,17.209933170059266
2012-08-30 08:17:30,13.960145730563534
2012-08-30 08:17:39,13.470419115229708
2012-08-30 08:17:50,12.698447950374106
2012-08-30 08:17:59,14.082446883901623
2012-08-30 08:18:09,14.929920454371603
2012-08-30 08:18:20,16.72101858847847
2012-08-30 08:18:29,15.57358134007174
2012-08-30 08:18:40,13.331693968253882
2012-08-30 08:18:49,14.780679482954731
2012-08-30 08:18:59,13.260483821195786
2012-08-30 08:19:10,14.056859053813724
2012-08-30 08:19:19,14.363363148076605
2012-08-30 08:19:30,17.843965515329625
2012-08-30 08:19:40,20.51857678058332
2012-08-30 08:19:49,23.277048861288364
2012-08-30 08:20:00,28.821780161263458
2012-08-30 08:20:09,29.103167500843195
2012-08-30 08:20:20,25.959782865420085
2012-08-30 08:20:30,22.726211238394754
2012-08-30 08:20:39,23.401134817742456
2012-08-30 08:20:50,29.982845006193568
2012-08-30 08:20:59,32.38355065644093
2012-08-30 08:21:10,33.40977496624123
2012-08-30 08:21:20,36.592779708839736
2012-08-30 08:21:29,34.716566138901584
2012-08-30 08:21:40,35.66677672369429
2012-08-30 08:21:49,35.33339046740522
2012-08-30 08:21:59,40.13712673229773
2012-08-30 08:22:10,35.688078347044566
2012-08-30 08:22:19,35.95320890441814
2012-08-30 08:22:30,35.99587510877718
2012-08-30 08:22:39,36.73851530977751
2012-08-30 08:22:49,35.68909599032241
2012-08-30 08:23:00,34.11320213996415
2012-08-30 08:23:09,34.83261572472405
2012-08-30 08:23:20,32.850108432982296
2012-08-30 08:23:29,31.1298251938992
2012-08-30 08:23:39,33.8473214448793
2012-08-30 08:23:50,31.243144690240513
2012-08-30 08:23:59,32.58790856060091
2012-08-30 08:24:10,34.03132505011551
2012-08-30 08:24:20,36.531372159151815
2012-08-30 08:24:29,35.653594913329556
2012-08-30 08:24:40,30.522591424877014
2012-08-30 08:24:49,31.27671088434541
2012-08-30 08:25:00,24.039177526353406
2012-08-30 08:25:10,23.011012599891856
2012-08-30 08:25:19,25.582610663688165
2012-08-30 08:25:30,24.292615012060867
2012-08-30 08:25:39,25.199762984844327
2012-08-30 08:25:50,21.321602247140785
2012-08-30 08:26:00,18.225612411164484
2012-08-30 08:26:09,17.524329258621314
2012-08-30 08:26:20,13.314463556309601
2012-08-30 08:26:29,14.573705250150589
2012-08-30 08:26:39,14.482890310118881
2012-08-30 08:26:50,15.005318380306182
2012-08-30 08:26:59,11.855763432285427
2012-08-30 08:27:10,11.84178835134996
2012-08-30 08:27:19,16.395235954093064
2012-08-30 08:27:29,19.76373411726288
2012-08-30 08:27:40,12.065252244564379
2012-08-30 08:27:49,11.697841868869624
2012-08-30 08:28:00,9.97353462073198
2012-08-30 08:28:09,8.290016026310735
2012-08-30 08:28:19,8.866591720177388
2012-08-30 08:28:30,12.713262980569162
2012-08-30 08:28:39,10.609115084485362
2012-08-30 08:28:50,8.935804553576494
2012-08-30 08:29:00,13.259323731150808
2012-08-30 08:29:09,10.94975751584941
2012-08-30 08:29:20,10.091332218054545
2012-08-30 08:29:29,5.663569361817457
2012-08-30 08:29:40,6.305854777721783
2012-08-30 08:29:50,6.659811467556227
2012-08-30 08:29:59,8.449558822610605
2012-08-30 08:30:10,7.625296208994431
2012-08-30 08:30:19,7.338655550207653
2012-08-30 08:30:30,6.631044434455115
2012-08-30 08:30:40,11.978480792634658
2012-08-30 08:30:49,17.45702407108009
2012-08-30 08:31:00,18.00205468383293
2012-08-30 08:31:09,17.499616412184857
2012-08-30 08:31:19,18.539325468507553
2012-08-30 08:31:30,19.3724554746056
2012-08-30 08:31:39,21.150208485158636
2012-08-30 08:31:50,16.488090766862225
2012-08-30 08:31:59,20.526844330566185
2012-08-30 08:32:09,23.903467553895663
2012-08-30 08:32:20,21.893513441888388
2012-08-30 08:32:29,22.526059772378336
2012-08-30 08:32:40,18.58447835412702
2012-08-30 08:32:50,21.002682593676795
2012-08-30 08:32:59,17.148149309232483
2012-08-30 08:33:10,19.61916001562949
2012-08-30 08:33:19,20.24143335039466
2012-08-30 08:33:30,19.33682797495545
2012-08-30 08:33:40,23.339806577203955
2012-08-30 08:33:49,20.822551943286417
2012-08-30 08:34:00,18.714269600350825
2012-08-30 08:34:09,18.13419071353812
2012-08-30 08:34:20,18.174730266119116
2012-08-30 08:34:30,19.325933861280465
2012-08-30 08:34:39,20.10942537994264
2012-08-30 08:34:50,15.281488231176523
2012-08-30 08:34:59,15.986219669598073
2012-08-30 08:35:10,20.344083963322362
2012-08-30 08:35:20,19.279843577281603
2012-08-30 08:35:29,20.886637071343614
2012-08-30 08:35:40,25.561103906914347
2012-08-30 08:35:49,17.62037089995379
2012-08-30 08:35:59,19.25142034520001
2012-08-30 08:36:10,17.14372559091109
2012-08-30 08:36:19,22.841261634107706
2012-08-30 08:36:30,25.11497728578038
2012-08-30 08:36:39,23.46890346071131
2012-08-30 08:36:49,21.778049444487685
2012-08-30 08:37:00,23.174916977295435
2012-08-30 08:37:09,21.20189685781713
2012-08-30 08:37:20,18.658815898013557
2012-08-30 08:37:30,22.139830307296727
2012-08-30 08:37:39,22.513398190076966
2012-08-30 08:37:50,22.134683715061605
2012-08-30 08:37:59,20.07457146250279
2012-08-30 08:38:10,22.489694448036836
2012-08-30 08:38:20,22.47489045725723
2012-08-30 08:38:29,23.60849438150284
2012-08-30 08:38:40,16.314159949104294
2012-08-30 08:38:49,14.353976051995756
2012-08-30 08:39:00,10.5551148798526
2012-08-30 08:39:10,14.792056583230059
2012-08-30 08:39:19,14.438572872146215
2012-08-30 08:39:30,12.341100075047784
2012-08-30 08:39:39,8.052061447037206
2012-08-30 08:39:49,11.564269268850344
2012-08-30 08:40:00,12.761400121811128
2012-08-30 08:40:09,9.087429444554758
2012-08-30 08:40:20,9.893747516342815
2012-08-30 08:40:29,7.015268339350438
2012-08-30 08:40:39,1.137814575923495
2012-08-30 08:40:50,4.873068758172745
2012-08-30 08:40:59,5.475216729340891
2012-08-30 08:41:10,10.439157551633494
2012-08-30 08:41:19,5.587065081512168
2012-08-30 08:41:29,8.007330489030053
2012-08-30 08:41:40,6.20367828233051
2012-08-30 08:41:49,7.672804515974104
2012-08-30 08:42:00,6.302358753926919
2012-08-30 08:42:10,4.147058510741405
2012-08-30 08:42:19,3.0036452543579233
2012-08-30 08:42:30,5.01046913015904
2012-08-30 08:42:39,6.090805362477397
2012-08-30 08:42:50,1.8029753602211045
2012-08-30 08:43:00,4.941741417296036
2012-08-30 08:43:09,7.423890155301177
2012-08-30 08:43:20,2.250944649140813
2012-08-30 08:43:29,7.782167156845983
2012-08-30 08:43:40,6.469318595461503
2012-08-30 08:43:50,6.290520641298594
2012-08-30 08:43:59,6.120601927737716
2012-08-30 08:44:10,12.451020037810368
2012-08-30 08:44:19,8.163189353682258
2012-08-30 08:44:29,3.0455696315700544
2012-08-30 08:44:40,5.856997555116995
2012-08-30 08:44:49,7.684721776544824
2012-08-30 08:45:00,8.103911264207163
2012-08-30 08:45:09,10.573474209458572
2012-08-30 08:45:19,8.101278135828116
2012-08-30 08:45:30,1.7594773894900924
2012-08-30 08:45:39,6.885426341764833
2012-08-30 08:45:50,1.712013050505767
2012-08-30 08:45:59,4.740720290925591
2012-08-30 08:46:09,7.388045932504984
2012-08-30 08:46:20,6.540598745071368
2012-08-30 08:46:29,1.6731173184024484
2012-08-30 08:46:40,1.362677172609176
2012-08-30 08:46:50,3.430954204206559
2012-08-30 08:46:59,4.867166633442776
2012-08-30 08:47:10,3.7180518948539225
2012-08-30 08:47:19,5.0752496351353855
2012-08-30 08:47:30,0.3243784169228871
2012-08-30 08:47:40,2.2149970426806576
2012-08-30 08:47:49,8.65259094157673
2012-08-30 08:48:00,3.4292865652978715
2012-08-30 08:48:09,3.74922240972187
2012-08-30 08:48:20,1.4645714904432887
2012-08-30 08:48:30,2.47815516526939
2012-08-30 08:48:39,1.9265402822591366
2012-08-30 08:48:50,2.46936587293198
2012-08-30 08:48:59,0.6900348443311365
2012-08-30 08:49:09,1.4600181360522142
2012-08-30 08:49:20,3.4414903337655947
2012-08-30 08:49:29,0.9275335410195107
2012-08-30 08:49:40,1.601424513793655
2012-08-30 08:49:49,3.2162595507204146
2012-08-30 08:49:59,1.122712970507842
2012-08-30 08:50:10,4.413776347668602
2012-08-30 08:50:19,1.3692573784128117
2012-08-30 08:50:30,1.730805892063853
2012-08-30 08:50:39,2.4890768217410595
2012-08-30 08:50:49,4.9256613786193695
2012-08-30 08:51:00,3.1711034101947004
2012-08-30 08:51:09,2.756457405346607
2012-08-30 08:51:20,4.042846808481407
2012-08-30 08:51:30,5.605332191300639
2012-08-30 08:51:39,1.637731545958395
2012-08-30 08:51:50,2.610128412337103
2012-08-30 08:51:59,7.401546712639653
2012-08-30 08:52:10,7.405390532960617
2012-08-30 08:52:20,5.574352976521559
2012-08-30 08:52:29,5.054145892997152
2012-08-30 08:52:40,13.448517123623176
2012-08-30 08:52:49,5.154714374187385
2012-08-30 08:53:00,5.740489782660665
2012-08-30 08:53:10,4.56696412045752
2012-08-30 08:53:19,2.3402989569457646
2012-08-30 08:53:30,2.809736464021092
2012-08-30 08:53:39,3.849962841177759
2012-08-30 08:53:49,8.053932361046776
2012-08-30 08:54:00,6.776953579912755
2012-08-30 08:54:09,4.091368181546204
2012-08-30 08:54:20,3.575447736848383
2012-08-30 08:54:29,3.9543664000687313
2012-08-30 08:54:39,4.462723132129725
2012-08-30 08:54:50,4.947710833305811
2012-08-30 08:54:59,4.623433885196113
2012-08-30 08:55:10,5.425665190741358
2012-08-30 08:55:20,3.342214479262815
2012-08-30 08:55:29,3.6252701948108474
2012-08-30 08:55:40,3.4169692985510407
2012-08-30 08:55:49,6.962037834476846
2012-08-30 08:56:00,3.7596844972047725
2012-08-30 08:56:10,4.523949968647214
2012-08-30 08:56:19,5.991295900449218
2012-08-30 08:56:30,3.15715421467135
2012-08-30 08:56:39,3.060089098881776
2012-08-30 08:56:50,4.662143985998669
2012-08-30 08:57:00,5.724855310323084
2012-08-30 08:57:09,1.668477181658113
2012-08-30 08:57:20,4.685536101728512
2012-08-30 08:57:29,2.88447052829114
2012-08-30 08:57:40,9.021037490346782
2012-08-30 08:57:50,8.848247826441536
2012-08-30 08:57:59,12.470141726824826
2012-08-30 08:58:10,6.343680798015449
2012-08-30 08:58:19,8.713628741392444
2012-08-30 08:58:29,6.811784912733254
2012-08-30 08:58:40,6.416638495002857
2012-08-30 08:58:49,9.638155630850505
2012-08-30 08:59:00,8.858510573139883
2012-08-30 08:59:09,6.166410682590121
2012-08-30 08:59:19,5.477692664952708
2012-08-30 08:59:30,6.308194634167193
2012-08-30 08:59:39,4.8198765037844
2012-08-30 08:59:50,1.684786663484222
2012-08-30 09:00:00,1.7687463893448538
2012-08-30 09:00:09,3.522104739733863
2012-08-30 09:00:20,1.6635695668733617
2012-08-30 09:00:29,3.407660098939133
2012-08-30 09:00:40,3.959108618279672
2012-08-30 09:00:50,5.071510428497733
2012-08-30 09:00:59,8.470132733530852
2012-08-30 09:01:10,0.46299715152569704
2012-08-30 09:01:19,2.064055221149175
2012-08-30 09:01:30,1.1776732342346898
2012-08-30 09:01:40,4.015047704189172
2012-08-30 09:01:49,5.782002551596528
2012-08-30 09:02:00,2.0972154166852195
2012-08-30 09:02:09,4.006670782887207
2012-08-30 09:02:19,3.598906784183875
2012-08-30 09:02:30,2.4850712836128253
2012-08-30 09:02:39,5.169046802840797
2012-08-30 09:02:50,2.7813090657464588
2012-08-30 09:02:59,8.008657109714127
2012-08-30 09:03:09,5.29044278112326
2012-08-30 09:03:20,4.3399513501783265
2012-08-30 09:03:29,4.176876703314172
2012-08-30 09:03:40,5.858654725023036
2012-08-30 09:03:49,0.39221688522541875
2012-08-30 09:03:59,3.751960801991477
2012-08-30 09:04:10,4.955328341367897
2012-08-30 09:04:19,7.651290303811749
2012-08-30 09:04:30,5.7437765620905346
2012-08-30 09:04:40,5.1098960145567816
2012-08-30 09:04:49,6.189167912671659
2012-08-30 09:05:00,10.53081372189868
2012-08-30 09:05:09,7.651721330342125
2012-08-30 09:05:20,6.884371401331635
2012-08-30 09:05:30,11.674276036331252
2012-08-30 09:05:39,4.061794063942388
2012-08-30 09:05:50,1.4182496141480208
2012-08-30 09:05:59,2.8912078186006935
2012-08-30 09:06:10,8.858522012836872
2012-08-30 09:06:20,6.9575368396435175
2012-08-30 09:06:29,7.6346837248219215
2012-08-30 09:06:40,11.159823805960473
2012-08-30 09:06:49,13.325187565696606
2012-08-30 09:06:59,5.0094250630516495
2012-08-30 09:07:10,4.704571207409921
2012-08-30 09:07:19,7.585352092755207
2012-08-30 09:07:30,10.59326392733918
2012-08-30 09:07:39,9.636158145959255
2012-08-30 09:07:49,8.477355513769469
2012-08-30 09:08:00,3.812434840668704
2012-08-30 09:08:09,2.8175843274632966
2012-08-30 09:08:20,2.9914636832612813
2012-08-30 09:08:29,5.440909911308117
2012-08-30 09:08:39,5.145533644366506
2012-08-30 09:08:50,4.939031156311381
2012-08-30 09:08:59,4.99068838033674
2012-08-30 09:09:10,4.92008011669485
2012-08-30 09:09:20,10.593019376063328
2012-08-30 09:09:29,12.6653099148283
2012-08-30 09:09:40,11.261886185726576
2012-08-30 09:09:49,11.282317711918381
2012-08-30 09:10:00,13.438557295242314
2012-08-30 09:10:10,9.966001837958174
2012-08-30 09:10:19,1.5020724985599216
2012-08-30 09:10:30,4.566941243804309
2012-08-30 09:10:39,7.996004361505543
2012-08-30 09:10:50,2.750641093450232
2012-08-30 09:11:00,5.142686120711467
2012-08-30 09:11:09,4.033533132222732
2012-08-30 09:11:20,2.771551680991295
2012-08-30 09:11:29,6.405098747959554
2012-08-30 09:11:39,6.120494580453362
2012-08-30 09:11:50,6.655391009683998
2012-08-30 09:11:59,12.069542156616397
2012-08-30 09:12:10,10.62996350435439
2012-08-30 09:12:19,9.428258450984103
2012-08-30 09:12:29,8.575721461551467
2012-08-30 09:12:40,10.486920126978411
2012-08-30 09:12:49,9.763340719681882
2012-08-30 09:13:00,7.497087270084773
2012-08-30 09:13:09,5.8151376634015515
2012-08-30 09:13:19,8.637221866095572
2012-08-30 09:13:30,7.7268776737297395
2012-08-30 09:13:39,6.6941915325847
2012-08-30 09:13:50,8.092966830105272
2012-08-30 09:14:00,8.509036353562134
2012-08-30 09:14:09,6.787614684612478
2012-08-30 09:14:20,7.835150769416939
2012-08-30 09:14:29,8.637669750142598
2012-08-30 09:14:40,8.341936354635331
2012-08-30 09:14:50,9.308160822558218
2012-08-30 09:14:59,11.406278065711508
2012-08-30 09:15:10,5.451335718680981
2012-08-30 09:15:19,0.9911188150088751
2012-08-30 09:15:30,2.513149692851035
2012-08-30 09:15:40,7.268015101879886
2012-08-30 09:15:49,2.594862880891897
2012-08-30 09:16:00,1.1064167816311827
2012-08-30 09:16:09,2.649492247826099
2012-08-30 09:16:19,4.099327859703129
2012-08-30 09:16:30,2.4404311600761224
2012-08-30 09:16:39,1.6040992953443391
2012-08-30 09:16:50,5.79649719857569
2012-08-30 09:16:59,11.036644768782004
2012-08-30 09:17:09,6.817402523391812
2012-08-30 09:17:20,7.97101028209608
2012-08-30 09:17:29,3.430354581297412
2012-08-30 09:17:40,4.814164661812223
2012-08-30 09:17:50,8.027487775015961
2012-08-30 09:17:59,9.952368470147851
2012-08-30 09:18:10,9.130139639463888
2012-08-30 09:18:19,3.3397875161768726
2012-08-30 09:18:30,5.307906832277627
2012-08-30 09:18:40,3.2524305840021204
2012-08-30 09:18:49,4.1920152889524305
2012-08-30 09:19:00,0.21302076730817873
2012-08-30 09:19:09,5.271050128665329
2012-08-30 09:19:20,4.15177616382286
2012-08-30 09:19:30,9.459377809116972
2012-08-30 09:19:39,1.957967811940612
2012-08-30 09:19:50,1.5128025419407294
2012-08-30 09:19:59,4.093636760365596
2012-08-30 09:20:10,2.676457698209706
2012-08-30 09:20:20,2.441995170174561
2012-08-30 09:20:29,1.2774708550508764
2012-08-30 09:20:40,0.5349221232452012
2012-08-30 09:20:49,19.846988212097475
2012-08-30 09:20:59,19.605088955710958
2012-08-30 09:21:10,14.730289083732833
2012-08-30 09:21:19,11.689248323713743
2012-08-30 09:21:30,3.185226263453879
2012-08-30 09:21:39,5.309437514382218
2012-08-30 09:21:49,3.532783259877105
2012-08-30 09:22:00,3.8962852037388984
2012-08-30 09:22:09,3.7964622655285734
2012-08-30 09:22:20,4.116681190829263
2012-08-30 09:22:30,7.789012810801141
2012-08-30 09:22:39,5.651241129300346
2012-08-30 09:22:50,8.36279834823325
2012-08-30 09:22:59,12.357886420636035
2012-08-30 09:23:10,6.7055232869426655
2012-08-30 09:23:20,9.796177114166097
2012-08-30 09:23:29,10.341057732360968
2012-08-30 09:23:40,10.270173210056656
2012-08-30 09:23:49,9.535566132664453
2012-08-30 09:24:00,7.151932084442536
2012-08-30 09:24:10,7.045114002536173
2012-08-30 09:24:19,7.352343246915503
2012-08-30 09:24:30,5.25776397552179
2012-08-30 09:24:39,5.857649009822358
2012-08-30 09:24:49,7.4822027613041815
2012-08-30 09:25:00,6.452868305116264
2012-08-30 09:25:09,8.818639092605867
2012-08-30 09:25:20,9.856167638448664
2012-08-30 09:25:29,8.358114616358552
2012-08-30 09:25:39,10.438996145754798
2012-08-30 09:25:50,30.01565244903083
2012-08-30 09:25:59,26.432644182186163
2012-08-30 09:26:10,21.61730145830707
2012-08-30 09:26:19,18.46474363886146
2012-08-30 09:26:29,13.647587526266506
2012-08-30 09:26:40,8.357608755508888
2012-08-30 09:26:49,4.409457241016858
2012-08-30 09:27:00,2.102995836087519
2012-08-30 09:27:10,2.784851717825691
2012-08-30 09:27:19,0.9712542226901735
2012-08-30 09:27:30,4.68654392306349
2012-08-30 09:27:39,4.071435105230847
2012-08-30 09:27:50,5.63287320689418
2012-08-30 09:28:00,8.142489371695216
2012-08-30 09:28:09,9.413282182506697
2012-08-30 09:28:20,9.991102305369276
2012-08-30 09:28:29,9.015093224982266
2012-08-30 09:28:40,7.5244843541031186
2012-08-30 09:28:50,4.67622495528515
2012-08-30 09:28:59,3.491421487285615
2012-08-30 09:29:10,8.322657907588567
2012-08-30 09:29:19,2.473649885258091
2012-08-30 09:29:29,8.776540098847693
2012-08-30 09:29:40,7.964528848261517
2012-08-30 09:29:49,11.906005143522094
2012-08-30 09:30:00,11.144597108681973
2012-08-30 09:30:09,15.342190338074628
2012-08-30 09:30:19,14.282501005293367
2012-08-30 09:30:30,12.16500275718046
2012-08-30 09:30:39,15.308626123823748
2012-08-30 09:30:50,16.49965841996346
2012-08-30 09:30:59,15.834636461380706
2012-08-30 09:31:09,12.370699200914887
2012-08-30 09:31:20,16.742860559507655
2012-08-30 09:31:29,10.793879828358863
2012-08-30 09:31:40,10.075319395044703
2012-08-30 09:31:50,6.481073854974173
2012-08-30 09:31:59,4.189776293764947
2012-08-30 09:32:10,4.125394844553854
2012-08-30 09:32:19,3.143119555207399
2012-08-30 09:32:30,3.2816433961920817
2012-08-30 09:32:40,2.2726449254945056
2012-08-30 09:32:49,1.977599540151101
2012-08-30 09:33:00,0.6989526112562147
2012-08-30 09:33:09,5.076648296896433
2012-08-30 09:33:20,5.601778532886531
2012-08-30 09:33:30,1.218756936905464
2012-08-30 09:33:39,4.452696414860664
2012-08-30 09:33:50,0.7545493402617064
2012-08-30 09:33:59,0.44415116997853177
2012-08-30 09:34:09,7.873992152780827
2012-08-30 09:34:20,6.982292852700464
2012-08-30 09:34:29,1.2191231891141774
2012-08-30 09:34:40,6.659398476904003
2012-08-30 09:34:49,11.737548069237434
2012-08-30 09:34:59,9.014399035591707
2012-08-30 09:35:10,4.980865406654025
2012-08-30 09:35:19,7.378278677616436
2012-08-30 09:35:30,10.430529821464692
2012-08-30 09:35:39,5.639839603874806
2012-08-30 09:35:49,5.97894744121196
2012-08-30 09:36:00,9.536993510141013
2012-08-30 09:36:09,8.2612927197735
2012-08-30 09:36:20,5.752817814984433
2012-08-30 09:36:30,4.755095599851217
2012-08-30 09:36:39,5.220717230997012
2012-08-30 09:36:50,2.6166493148508376
2012-08-30 09:36:59,3.8915168337544683
2012-08-30 09:37:10,2.3881571284202683
2012-08-30 09:37:20,2.5462249948295734
2012-08-30 09:37:29,2.2421804552017797
2012-08-30 09:37:40,5.241111453196289
2012-08-30 09:37:49,2.1004053887328573
2012-08-30 09:38:00,4.7401379401531925
2012-08-30 09:38:10,1.5681091646682612
2012-08-30 09:38:19,1.5611634802785976
2012-08-30 09:38:30,2.2598103262289992
2012-08-30 09:38:39,1.8888018163210014
2012-08-30 09:38:49,3.8398970155399517
2012-08-30 09:39:00,3.562774709871941
2012-08-30 09:39:09,2.1133820488906223
2012-08-30 09:39:20,2.691539282259124
2012-08-30 09:39:29,1.5585832140031533
2012-08-30 09:39:39,2.6919717720912644
2012-08-30 09:39:50,6.247834890423308
2012-08-30 09:39:59,1.3284642278895493
2012-08-30 09:40:10,6.019899020322164
2012-08-30 09:40:20,2.3496513451115093
2012-08-30 09:40:29,9.330713888069246
2012-08-30 09:40:40,0.18356593957274434
2012-08-30 09:40:49,8.118530487155185
2012-08-30 09:41:00,8.908616150539185
2012-08-30 09:41:10,19.440343731114485
2012-08-30 09:41:19,25.045809639222952
2012-08-30 09:41:30,26.155179251838778
2012-08-30 09:41:39,36.641642697682926
2012-08-30 09:41:50,33.426357023711766
2012-08-30 09:42:00,29.08500025673474
2012-08-30 09:42:09,38.82489463421141
2012-08-30 09:42:20,43.46907532704487
2012-08-30 09:42:29,44.814780564160536
2012-08-30 09:42:40,45.47454842413866
2012-08-30 09:42:50,42.38138715417558
2012-08-30 09:42:59,43.05428333058787
2012-08-30 09:43:10,37.0539360326015
2012-08-30 09:43:19,40.30519050826926
2012-08-30 09:43:29,40.9362613027737
2012-08-30 09:43:40,39.70398263258075
2012-08-30 09:43:49,45.207044458222775
2012-08-30 09:44:00,41.737375140734606
2012-08-30 09:44:09,44.02033156115511
2012-08-30 09:44:19,45.39672157765435
2012-08-30 09:44:30,47.52913488211098
2012-08-30 09:44:39,42.0094818716443
2012-08-30 09:44:50,41.60793351558841
2012-08-30 09:45:00,42.94666951821123
2012-08-30 09:45:09,48.21282546892025
2012-08-30 09:45:20,37.135655298623625
2012-08-30 09:45:29,34.30043438030766
2012-08-30 09:45:40,38.1778871033669
2012-08-30 09:45:50,36.090390631110914
2012-08-30 09:45:59,34.43345323837386
2012-08-30 09:46:10,29.257393961553866
2012-08-30 09:46:19,13.124890072268538
2012-08-30 09:46:30,6.839298803884446
2012-08-30 09:46:40,9.6030005572339
2012-08-30 09:46:49,12.538424244643021
2012-08-30 09:47:00,14.40281444069346
2012-08-30 09:47:09,11.87032105586994
2012-08-30 09:47:19,13.516905943265378
2012-08-30 09:47:30,18.54107201901247
2012-08-30 09:47:39,17.03608584902132
2012-08-30 09:47:50,14.465392370383247
2012-08-30 09:47:59,16.89672031594151
2012-08-30 09:48:09,17.436202644038897
2012-08-30 09:48:20,18.736580826405977
2012-08-30 09:48:29,18.122323972780837
2012-08-30 09:48:40,16.887725487023268
2012-08-30 09:48:49,16.88793693937814
2012-08-30 09:48:59,15.952698634943404
2012-08-30 09:49:10,12.59178624047016
2012-08-30 09:49:19,13.990839052563743
2012-08-30 09:49:30,17.903699086367656
2012-08-30 09:49:40,11.92419010330502
2012-08-30 09:49:49,14.765431379133911
2012-08-30 09:50:00,12.876474552856124
2012-08-30 09:50:09,15.061486429633682
2012-08-30 09:50:20,12.282831920520293
2012-08-30 09:50:30,13.788644845763356
2012-08-30 09:50:39,12.554769384975883
2012-08-30 09:50:50,12.116594072189523
2012-08-30 09:50:59,10.722043042824566
2012-08-30 09:51:10,10.479270879340689
2012-08-30 09:51:20,13.217201710638577
2012-08-30 09:51:29,17.648469819377013
2012-08-30 09:51:40,17.177804902377435
2012-08-30 09:51:49,9.764553736449393
2012-08-30 09:51:59,14.861923993836546
2012-08-30 09:52:10,12.169760847891629
2012-08-30 09:52:19,11.816484699957748
2012-08-30 09:52:30,10.615320169126829
2012-08-30 09:52:39,7.85818805319832
2012-08-30 09:52:49,7.677201270200591
2012-08-30 09:53:00,11.615526276369623
2012-08-30 09:53:09,9.989016768812752
2012-08-30 09:53:20,10.130921487898505
2012-08-30 09:53:29,5.994761336246091
2012-08-30 09:53:39,9.538753393075645
2012-08-30 09:53:50,12.418112045142793
2012-08-30 09:53:59,13.701670919379103
2012-08-30 09:54:10,12.940911529303447
2012-08-30 09:54:20,19.525878090395217
2012-08-30 09:54:29,15.778718236023682
2012-08-30 09:54:40,24.51919416923442
2012-08-30 09:54:49,28.389710283353438
2012-08-30 09:55:00,30.76682733945898
2012-08-30 09:55:10,22.387904617943786
2012-08-30 09:55:19,26.558707110217668
2012-08-30 09:55:30,20.88665304269009
2012-08-30 09:55:39,22.0721748467013
2012-08-30 09:55:50,24.380622408776542
2012-08-30 09:56:00,26.526599958795444
2012-08-30 09:56:09,30.018799284624958
2012-08-30 09:56:20,34.200566695615436
2012-08-30 09:56:29,35.818126749032785
2012-08-30 09:56:39,32.3132814369949
2012-08-30 09:56:50,36.82345904406304
2012-08-30 09:56:59,33.375086833001845
2012-08-30 09:57:10,36.32385375305076
2012-08-30 09:57:19,36.93065407735712
2012-08-30 09:57:29,29.956274710166525
2012-08-30 09:57:40,35.316292967776626
2012-08-30 09:57:49,34.36152397942655
2012-08-30 09:58:00,37.27481606313882
2012-08-30 09:58:09,40.39552017042066
2012-08-30 09:58:19,42.76417229352086
2012-08-30 09:58:30,49.50010187115151
2012-08-30 09:58:39,51.80115862545397
2012-08-30 09:58:50,35.92678281895434
2012-08-30 09:59:00,26.260115055709598
2012-08-30 09:59:09,31.743371044260495
2012-08-30 09:59:20,35.68636968671134
2012-08-30 09:59:29,40.17745484884644
2012-08-30 09:59:40,40.263039598358695
2012-08-30 09:59:50,43.38110068701526
2012-08-30 09:59:59,42.34685172256798
2012-08-30 10:00:10,40.44480663550336
2012-08-30 10:00:19,56.889467961871595
2012-08-30 10:00:30,60.14894447853203
2012-08-30 10:00:40,56.966290042171494
2012-08-30 10:00:49,52.16111240630955
2012-08-30 10:01:00,49.714129447805036
2012-08-30 10:01:09,48.556329451675005
2012-08-30 10:01:19,46.10731891895199
2012-08-30 10:01:30,45.016968688043086
2012-08-30 10:01:39,37.98074826166541
2012-08-30 10:01:50,33.856010454224545
2012-08-30 10:01:59,28.976148531872457
2012-08-30 10:02:09,31.36283139086146
2012-08-30 10:02:20,32.677215492917455
2012-08-30 10:02:29,31.40460547112047
2012-08-30 10:02:40,30.882496627443786
2012-08-30 10:02:50,32.48429315733897
2012-08-30 10:02:59,25.6763428175279
2012-08-30 10:03:10,35.82316569380097
2012-08-30 10:03:19,31.587023550162
2012-08-30 10:03:30,27.31561547419534
2012-08-30 10:03:40,23.134487998924097
2012-08-30 10:03:49,33.41466980177754
2012-08-30 10:04:00,47.1025688231833
2012-08-30 10:04:09,53.297429574822935
2012-08-30 10:04:20,23.392706360163835
2012-08-30 10:04:30,22.582157721734315
2012-08-30 10:04:39,15.769368229484908
2012-08-30 10:04:50,16.995451338756983
2012-08-30 10:04:59,16.339602596950797
2012-08-30 10:05:10,20.558194843135663
2012-08-30 10:05:20,2.5446396214015947
2012-08-30 10:05:29,3.8651127160753918
2012-08-30 10:05:40,6.080742363318512
2012-08-30 10:05:49,7.109000063904083
2012-08-30 10:05:59,12.998709636565795
2012-08-30 10:06:10,10.694836654139982
2012-08-30 10:06:19,12.199116948820384
2012-08-30 10:06:30,16.850102771509867
2012-08-30 10:06:39,24.22473105554909
2012-08-30 10:06:49,40.61648507930083
2012-08-30 10:07:00,45.74509304630484
2012-08-30 10:07:09,39.82081123621597
2012-08-30 10:07:20,35.07807532117287
2012-08-30 10:07:30,23.849536973096274
2012-08-30 10:07:39,27.109762100453512
2012-08-30 10:07:50,37.568696795087064
2012-08-30 10:07:59,37.50443409135317
2012-08-30 10:08:10,36.26098762825345
2012-08-30 10:08:20,48.71263225310631
2012-08-30 10:08:29,49.587919761004066
2012-08-30 10:08:40,51.74493887061106
2012-08-30 10:08:49,41.214902157163756
2012-08-30 10:09:00,39.87541205585756
2012-08-30 10:09:10,38.72026273824335
2012-08-30 10:09:19,48.71880078555075
2012-08-30 10:09:30,41.010350163543606
2012-08-30 10:09:39,55.82461726492386
2012-08-30 10:09:49,39.14022470120397
2012-08-30 10:10:00,43.28013055819588
2012-08-30 10:10:09,39.42244601979406
2012-08-30 10:10:20,45.91460675237394
2012-08-30 10:10:29,34.79187298433193
2012-08-30 10:10:39,45.20147327547686
2012-08-30 10:10:50,47.766848858733454
2012-08-30 10:10:59,42.937803818911114
2012-08-30 10:11:10,42.902612651106246
2012-08-30 10:11:19,32.298752691737164
2012-08-30 10:11:29,30.140628037356933
2012-08-30 10:11:40,35.020347024319506
2012-08-30 10:11:49,16.54870973301012
2012-08-30 10:12:00,16.708723950882774
2012-08-30 10:12:10,18.779244019221
2012-08-30 10:12:19,23.084642054434617
2012-08-30 10:12:30,30.814481168205567
2012-08-30 10:12:39,27.221792172008154
2012-08-30 10:12:50,34.89233118172195
2012-08-30 10:13:00,25.677616517947154
2012-08-30 10:13:09,19.609523091108933
2012-08-30 10:13:20,16.518655061127316
2012-08-30 10:13:29,17.92785520999544
2012-08-30 10:13:40,24.201907302254966
2012-08-30 10:13:50,21.805075211142913
2012-08-30 10:13:59,27.844726682008613
2012-08-30 10:14:10,27.496746504789176
2012-08-30 10:14:19,28.295743054643708
2012-08-30 10:14:29,24.837796948269688
2012-08-30 10:14:40,22.65783514844354
2012-08-30 10:14:49,21.43493320590992
2012-08-30 10:15:00,24.916329839207336
2012-08-30 10:15:09,19.514489226392293
2012-08-30 10:15:19,16.37030063961053
2012-08-30 10:15:30,20.38485175791119
2012-08-30 10:15:39,20.439766500879117
2012-08-30 10:15:50,21.933552484114223
2012-08-30 10:15:59,16.755974041253918
2012-08-30 10:16:09,26.153863762670678
2012-08-30 10:16:20,18.311219768175164
2012-08-30 10:16:29,18.167368053631677
2012-08-30 10:16:40,19.559094260184988
2012-08-30 10:16:50,22.72376569010258
2012-08-30 10:16:59,22.210377525058245
2012-08-30 10:17:10,19.482059449905464
2012-08-30 10:17:19,16.10860127144975
2012-08-30 10:17:30,9.967517952981186
2012-08-30 10:17:40,19.633421519684102
2012-08-30 10:17:49,18.79109509245118
2012-08-30 10:18:00,10.387311934935607
2012-08-30 10:18:09,6.854611909079786
2012-08-30 10:18:20,7.270481747490035
2012-08-30 10:18:30,4.342575056072134
2012-08-30 10:18:39,11.794399694993777
2012-08-30 10:18:50,21.5519620073115
2012-08-30 10:18:59,26.436313481126493
2012-08-30 10:19:09,23.783199726546222
2012-08-30 10:19:20,28.483937528288376
2012-08-30 10:19:29,24.473333151438347
2012-08-30 10:19:40,8.676090749118131
2012-08-30 10:19:49,5.147606718093948
2012-08-30 10:19:59,8.251500749409802
2012-08-30 10:20:10,9.966840598963707
2012-08-30 10:20:19,10.79728014623802
2012-08-30 10:20:30,12.51557936435977
2012-08-30 10:20:39,10.169468385432278
2012-08-30 10:20:49,8.466664974582175
2012-08-30 10:21:00,9.235812575594005
2012-08-30 10:21:09,14.240667689058226
2012-08-30 10:21:20,7.514596218727098
2012-08-30 10:21:30,1.7075020808659818
2012-08-30 10:21:39,8.474114385350207
2012-08-30 10:21:50,8.343616537688618
2012-08-30 10:21:59,12.64460684940647
2012-08-30 10:22:10,15.753220622365083
2012-08-30 10:22:20,17.475704490434214
2012-08-30 10:22:29,15.59843936810124
2012-08-30 10:22:40,14.557731265770048
2012-08-30 10:22:49,14.072191017470523
2012-08-30 10:23:00,14.582867555214623
2012-08-30 10:23:10,5.582149617267547
2012-08-30 10:23:19,25.635179169592803
2012-08-30 10:23:30,15.050800237914308
2012-08-30 10:23:39,9.193712603396104
2012-08-30 10:23:49,14.428446312917075
2012-08-30 10:24:00,11.763765641794816
2012-08-30 10:24:09,13.312215667347926
2012-08-30 10:24:20,18.60630076329762
2012-08-30 10:24:29,10.693975894963316
2012-08-30 10:24:39,12.393483053549994
2012-08-30 10:24:50,15.67181687956763
2012-08-30 10:24:59,20.25301095939354
2012-08-30 10:25:10,18.45419904329226
2012-08-30 10:25:20,7.994322394652285
2012-08-30 10:25:29,18.264673123768443
2012-08-30 10:25:40,12.621410329105315
2012-08-30 10:25:49,8.464376338700289
2012-08-30 10:26:00,7.202588880403827
2012-08-30 10:26:10,14.661251159363442
2012-08-30 10:26:19,12.235675159449372
2012-08-30 10:26:30,13.687700351391557
2012-08-30 10:26:39,2.887630783242459
2012-08-30 10:26:50,3.5957478623834884
2012-08-30 10:27:00,12.169993276868121
2012-08-30 10:27:09,13.951922721949485
2012-08-30 10:27:20,3.731856024646525
2012-08-30 10:27:29,8.314201410653876
2012-08-30 10:27:40,19.802504110709993
2012-08-30 10:27:50,9.236172924763041
2012-08-30 10:27:59,13.839198557460657
2012-08-30 10:28:10,9.920675764409339
2012-08-30 10:28:19,24.645887795786486
2012-08-30 10:28:29,11.300030732022153
2012-08-30 10:28:40,6.447586800439228
2012-08-30 10:28:49,10.06792803915327
2012-08-30 10:29:00,8.167606874419663
2012-08-30 10:29:09,19.568853641623633
2012-08-30 10:29:19,16.353069495308045
2012-08-30 10:29:30,8.909968578007595
2012-08-30 10:29:39,4.364779627565179
2012-08-30 10:29:50,6.754987039556039
2012-08-30 10:30:00,13.258131873392449
2012-08-30 10:30:09,18.474957330321242
2012-08-30 10:30:20,10.87286801342692
2012-08-30 10:30:29,15.894108186319631
2012-08-30 10:30:40,12.996790879853693
2012-08-30 10:30:50,4.604106003813184
2012-08-30 10:30:59,13.14384125150011
2012-08-30 10:31:10,6.752749366834636
2012-08-30 10:31:19,16.15712999588336
2012-08-30 10:31:30,8.712549055482015
2012-08-30 10:31:40,13.036070742880534
2012-08-30 10:31:49,14.197800880294604
2012-08-30 10:32:00,28.930462488895568
2012-08-30 10:32:09,18.603543255411243
2012-08-30 10:32:19,18.749537962650837
2012-08-30 10:32:30,19.11795560355549
2012-08-30 10:32:39,26.76641198950491
2012-08-30 10:32:50,14.485400743295116
2012-08-30 10:32:59,14.244768026347742
2012-08-30 10:33:09,24.372858939620023
2012-08-30 10:33:20,18.009987275101633
2012-08-30 10:33:29,8.797631183420783
2012-08-30 10:33:40,8.901987548428583
2012-08-30 10:33:49,8.301714974654898
2012-08-30 10:33:59,17.39338771989454
2012-08-30 10:34:10,15.883091526141179
2012-08-30 10:34:19,5.919973890044996
2012-08-30 10:34:30,6.748128288303877
2012-08-30 10:34:40,5.74865871323683
2012-08-30 10:34:49,9.117056298335493
2012-08-30 10:35:00,6.242525185960737
2012-08-30 10:35:09,2.8991758642937624
2012-08-30 10:35:20,0.8478657950838528
2012-08-30 10:35:30,2.604478478833313
2012-08-30 10:35:39,3.7121810579590804
2012-08-30 10:35:50,5.934217283998021
2012-08-30 10:35:59,9.456282067078728
2012-08-30 10:36:10,5.730506851441678
2012-08-30 10:36:20,16.197386320459596
2012-08-30 10:36:29,20.549672702834172
2012-08-30 10:36:40,8.84977921530137
2012-08-30 10:36:49,10.90252998997723
2012-08-30 10:36:59,11.377509741204205
2012-08-30 10:37:10,7.246191355465433
2012-08-30 10:37:19,10.49296823420133
2012-08-30 10:37:30,12.464433523088266
2012-08-30 10:37:39,16.61020981193529
2012-08-30 10:37:49,23.17505929224354
2012-08-30 10:38:00,25.478167021815196
2012-08-30 10:38:09,18.85088494644083
2012-08-30 10:38:20,16.402566789916992
2012-08-30 10:38:29,21.867174654173088
2012-08-30 10:38:39,20.554894485527313
2012-08-30 10:38:50,27.621529146450357
2012-08-30 10:38:59,28.97369899925671
2012-08-30 10:39:10,31.36147198492139
2012-08-30 10:39:20,36.66497020000499
2012-08-30 10:39:29,33.52411070295652
2012-08-30 10:39:40,33.91423938041961
2012-08-30 10:39:49,38.753465947802695
2012-08-30 10:40:00,40.089319616957305
2012-08-30 10:40:10,38.86443535397812
2012-08-30 10:40:19,36.041460376950425
2012-08-30 10:40:30,36.38455183241217
2012-08-30 10:40:39,43.58821842772129
2012-08-30 10:40:50,35.45668957768003
2012-08-30 10:41:00,31.491969072980922
2012-08-30 10:41:09,33.24850042467872
2012-08-30 10:41:20,37.99415332505603
2012-08-30 10:41:29,48.31614939265359
2012-08-30 10:41:39,42.81612045647716
2012-08-30 10:41:50,40.685979856935916
2012-08-30 10:41:59,34.34207946883854
2012-08-30 10:42:10,47.94582226199296
2012-08-30 10:42:19,49.157876247430316
2012-08-30 10:42:29,44.04691785264196
2012-08-30 10:42:40,42.89870617666125
2012-08-30 10:42:49,46.47899976161685
2012-08-30 10:43:00,48.31236762341222
2012-08-30 10:43:09,44.671777117725775
2012-08-30 10:43:19,46.38712958713795
2012-08-30 10:43:30,47.47553707399409
2012-08-30 10:43:39,45.460611774905225
2012-08-30 10:43:50,44.13597512438859
2012-08-30 10:44:00,41.38031038636058
2012-08-30 10:44:09,36.47335739399188
2012-08-30 10:44:20,39.673221373535654
2012-08-30 10:44:29,37.541468902408596
2012-08-30 10:44:40,36.12384404566699
2012-08-30 10:44:50,41.835625502885094
2012-08-30 10:44:59,34.67782652831956
2012-08-30 10:45:10,41.22234328832368
2012-08-30 10:45:19,45.15493019387567
2012-08-30 10:45:30,47.73456911600984
2012-08-30 10:45:40,46.850663748182725
2012-08-30 10:45:49,43.758423810641716
2012-08-30 10:46:00,55.390404571266956
2012-08-30 10:46:09,56.25470525970146
2012-08-30 10:46:19,60.49796381852636
2012-08-30 10:46:30,63.27802173564173
2012-08-30 10:46:39,61.81020426990068
2012-08-30 10:46:50,56.820631410135675
2012-08-30 10:46:59,61.10435596752184
2012-08-30 10:47:09,47.11928335834684
2012-08-30 10:47:20,35.34511394456035
2012-08-30 10:47:29,43.214070913066045
2012-08-30 10:47:40,40.51570812891209
2012-08-30 10:47:50,30.621882723708282
2012-08-30 10:47:59,33.26263784260589
2012-08-30 10:48:10,36.941873863183304
2012-08-30 10:48:19,33.58354127155623
2012-08-30 10:48:30,32.95045236876631
2012-08-30 10:48:40,33.37914654940061
2012-08-30 10:48:49,36.221455980117945
2012-08-30 10:49:00,36.15168242734837
2012-08-30 10:49:09,40.58112335196462
2012-08-30 10:49:20,36.34227329043042
2012-08-30 10:49:30,36.73565389873475
2012-08-30 10:49:39,54.0151053369971
2012-08-30 10:49:50,69.07861694897035
2012-08-30 10:49:59,98.92739222222777
2012-08-30 10:50:10,115.00819603454516
2012-08-30 10:50:20,130.8488285880407
2012-08-30 10:50:29,145.95301011488493
2012-08-30 10:50:40,164.20470085901638
2012-08-30 10:50:49,185.83302534805352
2012-08-30 10:50:59,29.707762715708093
2012-08-30 10:51:10,30.61651347884605
2012-08-30 10:51:19,23.57240351538465
2012-08-30 10:51:30,21.961122927704135
2012-08-30 10:51:39,27.1494210769904
2012-08-30 10:51:49,21.232163357432505
2012-08-30 10:52:00,14.018687608543383
2012-08-30 10:52:09,14.145615046870303
2012-08-30 10:52:20,23.525508166533236
2012-08-30 10:52:30,22.67116545322687
2012-08-30 10:52:39,27.125492744496103
2012-08-30 10:52:50,36.719952518270276
2012-08-30 10:52:59,32.918474549147334
2012-08-30 10:53:10,28.24358731793639
2012-08-30 10:53:20,27.81062319278961
2012-08-30 10:53:29,26.619717419679077
2012-08-30 10:53:40,29.873516705021235
2012-08-30 10:53:49,27.876617588001857
2012-08-30 10:54:00,35.031912705827175
2012-08-30 10:54:10,27.596438549868356
2012-08-30 10:54:19,28.139422268996782
2012-08-30 10:54:30,35.93573024357466
2012-08-30 10:54:39,40.45027806447995
2012-08-30 10:54:49,59.36203386452577
2012-08-30 10:55:00,74.57978615488263
2012-08-30 10:55:09,80.5522761203466
2012-08-30 10:55:20,98.96819669024963
2012-08-30 10:55:29,117.83071339619227
2012-08-30 10:55:39,136.9554247854655
2012-08-30 10:55:50,156.24608165413574
2012-08-30 10:55:59,26.264639501434402
2012-08-30 10:56:10,22.403819161819712
2012-08-30 10:56:19,21.839766397891093
2012-08-30 10:56:29,23.17132464954427
2012-08-30 10:56:40,25.14808436606635
2012-08-30 10:56:49,23.360878380356596
2012-08-30 10:57:00,30.02437557714994
2012-08-30 10:57:10,26.32484799108337
2012-08-30 10:57:19,22.429260065722435
2012-08-30 10:57:30,18.26942214733252
2012-08-30 10:57:39,19.535422358600353
2012-08-30 10:57:50,22.099452771659948
2012-08-30 10:58:00,12.54022804854142
2012-08-30 10:58:09,12.097518179110013
2012-08-30 10:58:20,16.98348668144467
2012-08-30 10:58:29,18.369728881988394
2012-08-30 10:58:40,12.107482749030257
2012-08-30 10:58:50,12.721142649939267
2012-08-30 10:58:59,12.208340062488318
2012-08-30 10:59:10,5.805252034077225
2012-08-30 10:59:19,4.7837289990051834
2012-08-30 10:59:29,11.671335474928764
2012-08-30 10:59:40,11.472113301976874
2012-08-30 10:59:49,12.744550241018233
2012-08-30 11:00:00,11.647604640069904
2012-08-30 11:00:09,0.0
