time,distance
2012-08-28 11:56:02,1.0812159227407037
2012-08-28 11:56:13,0.4650638908373216
2012-08-28 11:56:23,0.644867949732092
2012-08-28 11:56:32,0.39908067878587866
2012-08-28 11:56:43,0.28380460326749896
2012-08-28 11:56:52,0.10499745828545089
2012-08-28 11:57:03,0.5165104024854805
2012-08-28 11:57:13,0.6982310799989269
2012-08-28 11:57:22,1.2398589026693738
2012-08-28 11:57:33,0.8322045094388989
2012-08-28 11:57:42,0.5705500865381232
2012-08-28 11:57:53,1.4287275432662132
2012-08-28 11:58:03,5.071531657108764
2012-08-28 11:58:12,2.6543485257717814
2012-08-28 11:58:23,0.7249183370164543
2012-08-28 11:58:32,0.838382404930846
2012-08-28 11:58:42,1.4620534557802574
2012-08-28 11:58:53,2.3302053709532
2012-08-28 11:59:02,0.9075552695768802
2012-08-28 11:59:13,0.4477463652213464
2012-08-28 11:59:22,0.20336798624284988
2012-08-28 11:59:32,1.9613017154151733
2012-08-28 11:59:43,2.0979646908620735
2012-08-28 11:59:52,0.18830479316118895
2012-08-28 12:00:03,0.24358008137092163
2012-08-28 12:00:13,0.7363627613615037
2012-08-28 12:00:22,0.2293151798594176
2012-08-28 12:00:33,0.5608964423066314
2012-08-28 12:00:42,1.5242469654863853
2012-08-28 12:00:53,1.290417449242125
2012-08-28 12:01:03,0.8869652554584692
2012-08-28 12:01:12,0.6731946174481629
2012-08-28 12:01:23,0.6534322803130999
2012-08-28 12:01:32,0.642515417624143
2012-08-28 12:01:43,0.7881007511797589
2012-08-28 12:01:53,0.1106024793319871
2012-08-28 12:02:02,0.3133842600755724
2012-08-28 12:02:13,0.47847091740230463
2012-08-28 12:02:22,1.4606352438606751
2012-08-28 12:02:33,2.75091412814532
2012-08-28 12:02:43,0.12217118495260604
2012-08-28 12:02:52,1.0828258419736798
2012-08-28 12:03:03,0.6293027200287086
2012-08-28 12:03:12,0.5178836438168033
2012-08-28 12:03:22,0.33127881022386035
2012-08-28 12:03:33,0.4884791724627051
2012-08-28 12:03:42,1.0294299398283684
2012-08-28 12:03:53,0.6389559338292059
2012-08-28 12:04:02,0.8190159306382921
2012-08-28 12:04:12,0.2173942826488592
2012-08-28 12:04:23,0.9335975875134901
2012-08-28 12:04:32,0.7561247710808494
2012-08-28 12:04:43,0.403278994969301
2012-08-28 12:04:53,0.528961989925273
2012-08-28 12:05:02,0.6148008949240682
2012-08-28 12:05:13,0.34878019852306313
2012-08-28 12:05:22,1.141868756821451
2012-08-28 12:05:33,1.4298017227609923
2012-08-28 12:05:43,0.9649356540073958
2012-08-28 12:05:52,0.5761021290562409
2012-08-28 12:06:03,0.42137418718221037
2012-08-28 12:06:12,0.22775372311285222
2012-08-28 12:06:23,0.8387754226745903
2012-08-28 12:06:33,0.4788381340933931
2012-08-28 12:06:42,0.5989117516025625
2012-08-28 12:06:53,1.1554958003086435
2012-08-28 12:07:02,1.4355795335941652
2012-08-28 12:07:12,1.9476292100573347
2012-08-28 12:07:23,0.5251612119352534
2012-08-28 12:07:32,0.5546007912950754
2012-08-28 12:07:43,0.49508506066866237
2012-08-28 12:07:52,0.26759142198013486
2012-08-28 12:08:02,1.5787961887628723
2012-08-28 12:08:13,3.0585390980241374
2012-08-28 12:08:22,0.15782935707260148
2012-08-28 12:08:33,0.6844602339787665
2012-08-28 12:08:42,0.8516155120272914
2012-08-28 12:08:52,0.5350789334877198
2012-08-28 12:09:03,0.36821532176432675
2012-08-28 12:09:12,0.3372817400822025
2012-08-28 12:09:23,0.45469881480728025
2012-08-28 12:09:33,0.4031588950280991
2012-08-28 12:09:42,1.3285752705176936
2012-08-28 12:09:53,0.04972905791445222
2012-08-28 12:10:02,1.080975225537767
2012-08-28 12:10:13,0.3024188012203805
2012-08-28 12:10:23,0.823382225007043
2012-08-28 12:10:32,0.6564219533847079
2012-08-28 12:10:43,0.6657054119689707
2012-08-28 12:10:52,0.06277681344768057
2012-08-28 12:11:03,0.2497434307792199
2012-08-28 12:11:13,2.7303174148068843
2012-08-28 12:11:22,2.4971371396632267
2012-08-28 12:11:33,5.5204084677214995
2012-08-28 12:11:42,1.231528147376233
2012-08-28 12:11:52,1.2315281473812745
2012-08-28 12:12:03,1.231528147376233
2012-08-28 12:12:12,1.231528147376233
2012-08-28 12:12:23,1.2315281474182023
2012-08-28 12:12:32,1.2315281473812745
2012-08-28 12:12:42,1.231528147376233
2012-08-28 12:12:53,1.231528147376233
2012-08-28 12:13:02,1.231528147376233
2012-08-28 12:13:13,1.2315281473812745
2012-08-28 12:13:22,1.231528147376233
2012-08-28 12:13:32,1.231528147376233
2012-08-28 12:13:43,1.2315281474182023
2012-08-28 12:13:52,1.2315281473812745
2012-08-28 12:14:03,1.231528147376233
2012-08-28 12:14:13,1.231528147376233
2012-08-28 12:14:22,1.2315281473812745
2012-08-28 12:14:33,1.231528147376233
2012-08-28 12:14:42,1.231528147376233
2012-08-28 12:14:53,1.231528147376233
2012-08-28 12:15:03,1.2315281474232438
2012-08-28 12:15:12,1.231528147376233
2012-08-28 12:15:23,1.231528147376233
2012-08-28 12:15:32,1.231528147376233
2012-08-28 12:15:43,1.2315281473812745
2012-08-28 12:15:53,1.231528147376233
2012-08-28 12:16:02,1.231528147376233
2012-08-28 12:16:13,1.2315281473812745
2012-08-28 12:16:22,1.2315281474182023
2012-08-28 12:16:32,1.231528147376233
2012-08-28 12:16:43,1.231528147376233
2012-08-28 12:16:52,1.2315281473812745
2012-08-28 12:17:03,1.231528147376233
2012-08-28 12:17:12,1.231528147376233
2012-08-28 12:17:22,1.231528147376233
2012-08-28 12:17:33,1.2315281473812745
2012-08-28 12:17:42,1.2315281474182023
2012-08-28 12:17:53,1.231528147376233
2012-08-28 12:18:02,1.231528147376233
2012-08-28 12:18:12,1.2315281473812745
2012-08-28 12:18:23,1.231528147376233
2012-08-28 12:18:32,2.6136367951835777
2012-08-28 12:18:43,0.5591837678996827
2012-08-28 12:18:53,0.5591837678540598
2012-08-28 12:19:02,0.5591837678996827
2012-08-28 12:19:13,0.1198130446623278
2012-08-28 12:19:22,0.3408389701277838
2012-08-28 12:19:33,0.35772981509425666
2012-08-28 12:19:43,0.294084776571098
2012-08-28 12:19:52,0.2940847765333884
2012-08-28 12:20:03,0.294084776571098
2012-08-28 12:20:12,1.0270492452965667
2012-08-28 12:20:23,1.120157473857733
2012-08-28 12:20:33,0.3870593664026509
2012-08-28 12:20:42,0.6328877333043694
2012-08-28 12:20:53,0.28402514381656385
2012-08-28 12:21:02,1.1109923654331155
2012-08-28 12:21:12,1.1109923654325708
2012-08-28 12:21:23,0.4650137096962728
2012-08-28 12:21:32,1.186982885376899
2012-08-28 12:21:43,1.1869828854209696
2012-08-28 12:21:52,1.186982885376899
2012-08-28 12:22:02,1.1869828854209696
2012-08-28 12:22:13,1.186982885376899
2012-08-28 12:22:22,1.1869828854209696
2012-08-28 12:22:33,1.186982885376899
2012-08-28 12:22:43,1.1869828854209696
2012-08-28 12:22:52,1.186982885376899
2012-08-28 12:23:03,1.1869828854209696
2012-08-28 12:23:12,1.186982885376899
2012-08-28 12:23:23,1.186982885376899
2012-08-28 12:23:33,1.1869828854209696
2012-08-28 12:23:42,1.186982885376899
2012-08-28 12:23:53,1.1869828854209696
2012-08-28 12:24:02,1.186982885376899
2012-08-28 12:24:13,1.1869828854209696
2012-08-28 12:24:23,1.186982885376899
2012-08-28 12:24:32,1.1869828854209696
2012-08-28 12:24:43,1.186982885376899
2012-08-28 12:24:52,1.1869828854209696
2012-08-28 12:25:03,1.186982885376899
2012-08-28 12:25:13,0.820385697851417
2012-08-28 12:25:22,1.1260270678185194
2012-08-28 12:25:33,0.23782075147866527
2012-08-28 12:25:42,0.6038004219512945
2012-08-28 12:25:52,0.225644216066289
2012-08-28 12:26:03,0.6430744266359326
2012-08-28 12:26:12,1.1877897404424964
2012-08-28 12:26:23,0.33789786987500653
2012-08-28 12:26:32,0.15643664386887082
2012-08-28 12:26:42,0.28352548110479275
2012-08-28 12:26:53,0.5067160611241539
2012-08-28 12:27:02,0.5556200822166069
2012-08-28 12:27:13,6.829732247851999
2012-08-28 12:27:23,4.642214899850275
2012-08-28 12:27:32,4.957696679966566
2012-08-28 12:27:43,5.236241912033907
2012-08-28 12:27:52,2.533678377294706
2012-08-28 12:28:03,0.22775378658266665
2012-08-28 12:28:13,0.24332551808082772
2012-08-28 12:28:22,0.2775973403663501
2012-08-28 12:28:33,1.220905352603006
2012-08-28 12:28:42,1.1663633136388087
2012-08-28 12:28:53,0.9785860401445309
2012-08-28 12:29:03,1.223364859321175
2012-08-28 12:29:12,0.16630603266132438
2012-08-28 12:29:23,0.4018593584913942
2012-08-28 12:29:32,0.7865089878846113
2012-08-28 12:29:42,1.232062510067543
2012-08-28 12:29:53,0.6332378493102526
2012-08-28 12:30:02,0.988006059775507
2012-08-28 12:30:13,0.07100628611474474
2012-08-28 12:30:22,2.8960517641560513
2012-08-28 12:30:32,0.9961697258871628
2012-08-28 12:30:43,0.6370761313636567
2012-08-28 12:30:52,2.344750669758167
2012-08-28 12:31:03,3.334523492529103
2012-08-28 12:31:12,3.2508530773167825
2012-08-28 12:31:22,3.5110838032679785
2012-08-28 12:31:33,0.6424753811886839
2012-08-28 12:31:42,1.1362122864385975
2012-08-28 12:31:53,0.32290297267410606
2012-08-28 12:32:03,0.44593239330959555
2012-08-28 12:32:12,1.9923506717945494
2012-08-28 12:32:23,0.7420591185868091
2012-08-28 12:32:32,1.7578790677101956
2012-08-28 12:32:43,1.9055874604821232
2012-08-28 12:32:53,1.0960017932949844
2012-08-28 12:33:02,0.5840338369946695
2012-08-28 12:33:13,0.6885475125463911
2012-08-28 12:33:22,0.3592387238008163
2012-08-28 12:33:33,0.3867362280957745
2012-08-28 12:33:43,4.068053617296373
2012-08-28 12:33:52,1.1043852438566804
2012-08-28 12:34:03,1.0666614708529518
2012-08-28 12:34:12,1.8969501348516504
2012-08-28 12:34:22,0.764241927074031
2012-08-28 12:34:33,6.872675098160725
2012-08-28 12:34:42,1.3174920858292682
2012-08-28 12:34:53,0.21301884438648003
2012-08-28 12:35:02,0.2281033268984273
2012-08-28 12:35:12,0.15078620572680795
2012-08-28 12:35:23,0.5457527624758363
2012-08-28 12:35:32,0.26040657707061515
2012-08-28 12:35:43,5.312402240781709
2012-08-28 12:35:52,6.003373728058802
2012-08-28 12:36:02,2.605329496180711
2012-08-28 12:36:13,0.35772977724508037
2012-08-28 12:36:22,0.8926526266564643
2012-08-28 12:36:33,0.18409072184483505
2012-08-28 12:36:43,1.0118453432737595
2012-08-28 12:36:52,0.6719921850343419
2012-08-28 12:37:03,0.9575496057060039
2012-08-28 12:37:12,0.9745230640422541
2012-08-28 12:37:23,0.4795155162776531
2012-08-28 12:37:33,1.4634253589167532
2012-08-28 12:37:42,0.7619173896059543
2012-08-28 12:37:53,0.716173082453223
2012-08-28 12:38:02,2.731891368620654
2012-08-28 12:38:13,1.335357317557636
2012-08-28 12:38:23,0.4080493377987742
2012-08-28 12:38:32,4.943981603496108
2012-08-28 12:38:43,5.2121793871266515
2012-08-28 12:38:52,3.190768290004699
2012-08-28 12:39:02,2.8351825111189872
2012-08-28 12:39:13,1.270592937142772
2012-08-28 12:39:22,0.3061901202289542
2012-08-28 12:39:33,0.9192114934912154
2012-08-28 12:39:42,0.19096838029189997
2012-08-28 12:39:52,0.8225976147384374
2012-08-28 12:40:03,1.06129270484013
2012-08-28 12:40:12,0.8369228432624295
2012-08-28 12:40:23,0.4094643620335669
2012-08-28 12:40:32,0.3298467349300614
2012-08-28 12:40:42,0.9638702901761753
2012-08-28 12:40:53,0.333667231086741
2012-08-28 12:41:02,0.20791202124227331
2012-08-28 12:41:13,0.22501497402142734
2012-08-28 12:41:23,0.6043328882394993
2012-08-28 12:41:32,0.16502837267469064
2012-08-28 12:41:43,0.40845605462523743
2012-08-28 12:41:52,0.2217211084329948
2012-08-28 12:42:03,0.18248264127429523
2012-08-28 12:42:13,1.0843528123319663
2012-08-28 12:42:22,0.4296252820069384
2012-08-28 12:42:33,6.69567180482167
2012-08-28 12:42:42,5.125533148258226
2012-08-28 12:42:53,0.770994948103295
2012-08-28 12:43:03,0.1464300480829443
2012-08-28 12:43:12,0.4650639249439666
2012-08-28 12:43:23,0.022269168524493534
2012-08-28 12:43:32,1.5388924607471746
2012-08-28 12:43:42,1.46397255572856
2012-08-28 12:43:53,5.693977522784206
2012-08-28 12:44:02,4.219547822304232
2012-08-28 12:44:13,0.8653954085111515
2012-08-28 12:44:22,0.40022655890348097
2012-08-28 12:44:32,0.3453492216593772
2012-08-28 12:44:43,0.4757209969866703
2012-08-28 12:44:52,1.091413302873715
2012-08-28 12:45:03,1.1469589574223022
2012-08-28 12:45:13,0.5985496791978612
2012-08-28 12:45:22,1.4274656992933594
2012-08-28 12:45:33,0.268850219015135
2012-08-28 12:45:42,0.20315052633488126
2012-08-28 12:45:53,0.52898330915262
2012-08-28 12:46:03,0.8141555102802108
2012-08-28 12:46:12,0.6347675825426979
2012-08-28 12:46:23,0.6748230650201645
2012-08-28 12:46:32,0.41815853501813527
2012-08-28 12:46:43,0.4924622684759677
2012-08-28 12:46:53,0.6442363453594788
2012-08-28 12:47:02,0.7311794537279525
2012-08-28 12:47:13,0.8058976227946811
2012-08-28 12:47:22,0.7189161268842351
2012-08-28 12:47:33,0.6028928876273163
2012-08-28 12:47:43,0.5855783292405211
2012-08-28 12:47:52,0.3542497801002457
2012-08-28 12:48:03,7.173501892457386
2012-08-28 12:48:12,12.540599316743972
2012-08-28 12:48:22,1.3267955559294795
2012-08-28 12:48:33,0.43733109371955814
2012-08-28 12:48:42,0.23453486784436017
2012-08-28 12:48:53,6.296609039967375
2012-08-28 12:49:02,3.194659179271709
2012-08-28 12:49:12,0.12368401792065571
2012-08-28 12:49:23,3.109509154217781
2012-08-28 12:49:32,0.3779446029463969
2012-08-28 12:49:43,0.29945588728975137
2012-08-28 12:49:53,3.332071260629726
2012-08-28 12:50:02,2.4424980089442094
2012-08-28 12:50:13,2.452994498662403
2012-08-28 12:50:22,1.7527152175296292
2012-08-28 12:50:33,1.8909326063525846
2012-08-28 12:50:43,1.9157451158234813
2012-08-28 12:50:52,3.1994983879319685
2012-08-28 12:51:03,3.0402309083338066
2012-08-28 12:51:12,0.32554302600709784
2012-08-28 12:51:23,0.31681109621725617
2012-08-28 12:51:33,0.5705501603576417
2012-08-28 12:51:42,0.2660584011721816
2012-08-28 12:51:53,1.1018790698363
2012-08-28 12:52:02,0.8821317953361512
2012-08-28 12:52:12,0.8565733067965534
2012-08-28 12:52:23,0.8369413692645115
2012-08-28 12:52:32,0.3864114340330764
2012-08-28 12:52:43,0.7419593072830624
2012-08-28 12:52:52,0.18900880496673972
2012-08-28 12:53:02,0.6333697677568889
2012-08-28 12:53:13,0.5553737415440343
2012-08-28 12:53:22,0.17731393883921542
2012-08-28 12:53:33,0.688366387733135
2012-08-28 12:53:42,1.2921975917824897
2012-08-28 12:53:52,0.15495377188965417
2012-08-28 12:54:03,0.8311598527504466
2012-08-28 12:54:12,0.48696244897989954
2012-08-28 12:54:23,1.9069867636433102
2012-08-28 12:54:33,5.90147963336246
2012-08-28 12:54:42,5.220437695243257
2012-08-28 12:54:53,2.2880902768618694
2012-08-28 12:55:02,7.385119897829485
2012-08-28 12:55:13,4.808123515616069
2012-08-28 12:55:23,2.1564266412616524
2012-08-28 12:55:32,1.4352553095987994
2012-08-28 12:55:43,1.5775642069090634
2012-08-28 12:55:52,5.226996075319497
2012-08-28 12:56:03,4.431577434329521
2012-08-28 12:56:13,3.7330321605090395
2012-08-28 12:56:22,6.206316114495892
2012-08-28 12:56:33,8.333076057307617
2012-08-28 12:56:42,7.209296999918252
2012-08-28 12:56:52,5.589702272319034
2012-08-28 12:57:03,0.6449637483268678
2012-08-28 12:57:12,1.1572044731341367
2012-08-28 12:57:23,1.687643706878292
2012-08-28 12:57:32,3.046727813532393
2012-08-28 12:57:42,5.91292949982637
2012-08-28 12:57:53,3.0201937030028576
2012-08-28 12:58:02,1.4114762249947252
2012-08-28 12:58:13,4.344688117888899
2012-08-28 12:58:22,2.2552954951930806
2012-08-28 12:58:32,6.573226624886419
2012-08-28 12:58:43,6.664188839640541
2012-08-28 12:58:52,5.935390055941137
2012-08-28 12:59:03,0.5806858427172453
2012-08-28 12:59:13,1.4406353138224284
2012-08-28 12:59:22,0.16502830422299364
2012-08-28 12:59:33,1.8586548488633263
2012-08-28 12:59:42,0.557716832500881
2012-08-28 12:59:53,0.2748130820558218
2012-08-28 13:00:03,5.954223328757564
2012-08-28 13:00:12,5.4236474873477665
2012-08-28 13:00:23,3.233807475339499
2012-08-28 13:00:32,5.127584990352908
2012-08-28 13:00:43,2.132383382263024
2012-08-28 13:00:53,5.228661246152612
2012-08-28 13:01:02,6.177697355462384
2012-08-28 13:01:13,5.169060219354907
2012-08-28 13:01:22,0.705635614328356
2012-08-28 13:01:32,0.7376272126826386
2012-08-28 13:01:43,1.5212445896171451
2012-08-28 13:01:52,1.5711048474064542
2012-08-28 13:02:03,1.5178092414838873
2012-08-28 13:02:12,1.49134207993889
2012-08-28 13:02:22,0.3923548950181274
2012-08-28 13:02:33,1.015033610055987
2012-08-28 13:02:42,2.4686070816574937
2012-08-28 13:02:53,1.7442531462282616
2012-08-28 13:03:02,5.74321140758142
2012-08-28 13:03:12,5.801876458718434
2012-08-28 13:03:23,4.433472895678235
2012-08-28 13:03:32,4.534754384083538
2012-08-28 13:03:43,4.884350342440051
2012-08-28 13:03:53,3.167749032820652
2012-08-28 13:04:02,0.46761091385209475
2012-08-28 13:04:13,0.6184198003173779
2012-08-28 13:04:22,0.2090791681751616
2012-08-28 13:04:33,1.1064440197453718
2012-08-28 13:04:43,5.088150526577781
2012-08-28 13:04:52,5.20778389203205
2012-08-28 13:05:03,5.274134161785455
2012-08-28 13:05:12,5.99049014215694
2012-08-28 13:05:23,7.377289258545855
2012-08-28 13:05:33,20.94908740781368
2012-08-28 13:05:42,12.961222406510576
2012-08-28 13:05:53,1.8537746637217436
2012-08-28 13:06:02,1.9061045938383865
2012-08-28 13:06:12,6.689083423601346
2012-08-28 13:06:23,2.8099791341681786
2012-08-28 13:06:32,3.594834585588651
2012-08-28 13:06:43,1.9729431585361037
2012-08-28 13:06:52,4.771239221671525
2012-08-28 13:07:02,4.71462651256329
2012-08-28 13:07:13,4.659810028607488
2012-08-28 13:07:22,2.2308402647548973
2012-08-28 13:07:33,2.0497738002988486
2012-08-28 13:07:43,1.5732184219901197
2012-08-28 13:07:52,0.7160621581200928
2012-08-28 13:08:03,0.3948770030940247
2012-08-28 13:08:12,0.45408694676954914
2012-08-28 13:08:23,0.5338026146824716
2012-08-28 13:08:33,2.5176981071535396
2012-08-28 13:08:42,2.0342041043013808
2012-08-28 13:08:53,1.3105185693547967
2012-08-28 13:09:02,2.0288902720032285
2012-08-28 13:09:13,2.132731247449824
2012-08-28 13:09:23,0.6362106739643454
2012-08-28 13:09:32,5.591426412261482
2012-08-28 13:09:43,3.029895273398999
2012-08-28 13:09:52,1.2642623917651674
2012-08-28 13:10:03,8.82227285098045
2012-08-28 13:10:13,8.384660170273351
2012-08-28 13:10:22,0.8840506859785103
2012-08-28 13:10:33,0.8840506859785103
2012-08-28 13:10:42,0.8840506859344419
2012-08-28 13:10:52,0.8840506859785103
2012-08-28 13:11:03,0.8840506859785103
2012-08-28 13:11:12,0.8840506859785103
2012-08-28 13:11:23,0.8840506859785103
2012-08-28 13:11:32,0.8840506859398851
2012-08-28 13:11:42,0.884050685973067
2012-08-28 13:11:53,0.8840506859785103
2012-08-28 13:12:02,0.8840506859785103
2012-08-28 13:12:13,0.8840506859785103
2012-08-28 13:12:23,0.8840506859785103
2012-08-28 13:12:32,0.8840506859398851
2012-08-28 13:12:43,0.884050685973067
2012-08-28 13:12:52,0.8840506859785103
2012-08-28 13:13:03,0.8840506859785103
2012-08-28 13:13:13,0.8840506859785103
2012-08-28 13:13:22,0.8840506859398851
2012-08-28 13:13:33,0.8840506859785103
2012-08-28 13:13:42,0.884050685973067
2012-08-28 13:13:53,0.8840506859785103
2012-08-28 13:14:03,0.8840506859785103
2012-08-28 13:14:12,0.8840506859398851
2012-08-28 13:14:23,0.8840506859785103
2012-08-28 13:14:32,0.8840506859785103
2012-08-28 13:14:42,0.884050685973067
2012-08-28 13:14:53,0.8840506859785103
2012-08-28 13:15:02,0.8840506859785103
2012-08-28 13:15:13,0.8840506859398851
2012-08-28 13:15:22,0.8840506859785103
2012-08-28 13:15:32,0.8840506859785103
2012-08-28 13:15:43,0.884050685973067
2012-08-28 13:15:52,0.8840506859785103
2012-08-28 13:16:03,0.8840506859398851
2012-08-28 13:16:12,0.8840506859785103
2012-08-28 13:16:22,0.8840506859785103
2012-08-28 13:16:33,0.8840506859785103
2012-08-28 13:16:42,0.884050685973067
2012-08-28 13:16:53,0.8840506859398851
2012-08-28 13:17:03,0.8840506859785103
2012-08-28 13:17:12,0.8840506859785103
2012-08-28 13:17:23,0.8840506859785103
2012-08-28 13:17:32,0.884050685973067
2012-08-28 13:17:43,0.8840506859785103
2012-08-28 13:17:53,0.8840506859398851
2012-08-28 13:18:02,0.8840506859785103
2012-08-28 13:18:13,0.8840506859785103
2012-08-28 13:18:22,0.8840506859785103
2012-08-28 13:18:33,0.884050685973067
2012-08-28 13:18:43,0.8840506859398851
2012-08-28 13:18:52,0.8840506859785103
2012-08-28 13:19:03,0.8840506859785103
2012-08-28 13:19:12,0.8840506859785103
2012-08-28 13:19:22,0.8840506859785103
2012-08-28 13:19:33,0.8840506859344419
2012-08-28 13:19:42,0.8840506859785103
2012-08-28 13:19:53,0.8840506859785103
2012-08-28 13:20:02,0.8840506859785103
2012-08-28 13:20:12,0.8840506859785103
2012-08-28 13:20:23,0.8840506859398851
2012-08-28 13:20:32,0.884050685973067
2012-08-28 13:20:43,0.8840506859785103
2012-08-28 13:20:52,0.8840506859785103
2012-08-28 13:21:02,0.8840506859785103
2012-08-28 13:21:13,0.8840506859785103
2012-08-28 13:21:22,0.8840506859398851
2012-08-28 13:21:33,0.884050685973067
2012-08-28 13:21:43,0.8840506859785103
2012-08-28 13:21:52,0.8840506859785103
2012-08-28 13:22:03,0.8840506859785103
2012-08-28 13:22:12,0.8840506859398851
2012-08-28 13:22:23,0.8840506859785103
2012-08-28 13:22:33,0.884050685973067
2012-08-28 13:22:42,0.8840506859785103
2012-08-28 13:22:53,0.8840506859785103
2012-08-28 13:23:02,0.8840506859398851
2012-08-28 13:23:13,0.8840506859785103
2012-08-28 13:23:23,0.8840506859785103
2012-08-28 13:23:32,0.884050685973067
2012-08-28 13:23:43,0.8840506859785103
2012-08-28 13:23:52,0.8840506859785103
2012-08-28 13:24:02,0.8840506859398851
2012-08-28 13:24:13,0.8840506859785103
2012-08-28 13:24:22,0.884050685973067
2012-08-28 13:24:33,0.8840506859785103
2012-08-28 13:24:42,0.8840506859785103
2012-08-28 13:24:52,0.8840506859398851
2012-08-28 13:25:03,0.8840506859785103
2012-08-28 13:25:12,0.8840506859785103
2012-08-28 13:25:23,0.884050685973067
2012-08-28 13:25:32,0.8840506859785103
2012-08-28 13:25:42,0.8840506859398851
2012-08-28 13:25:53,0.8840506859785103
2012-08-28 13:26:02,0.8840506859785103
2012-08-28 13:26:13,0.8840506859785103
2012-08-28 13:26:23,0.884050685973067
2012-08-28 13:26:32,0.8840506859785103
2012-08-28 13:26:43,0.8840506859398851
2012-08-28 13:26:52,0.8840506859785103
2012-08-28 13:27:03,0.8840506859785103
2012-08-28 13:27:13,0.8840506859785103
2012-08-28 13:27:22,0.884050685973067
2012-08-28 13:27:33,0.8840506859398851
2012-08-28 13:27:42,0.8840506859785103
2012-08-28 13:27:53,0.8840506859785103
2012-08-28 13:28:03,0.8840506859785103
2012-08-28 13:28:12,0.8840506859785103
2012-08-28 13:28:23,0.8840506859344419
2012-08-28 13:28:32,0.8840506859785103
2012-08-28 13:28:42,0.8840506859785103
2012-08-28 13:28:53,0.8840506859785103
2012-08-28 13:29:02,0.8840506859785103
2012-08-28 13:29:13,0.8840506859398851
2012-08-28 13:29:22,0.884050685973067
2012-08-28 13:29:32,0.8840506859785103
2012-08-28 13:29:43,0.8840506859785103
2012-08-28 13:29:52,0.8840506859785103
2012-08-28 13:30:03,0.8840506859785103
2012-08-28 13:30:13,0.8840506859398851
2012-08-28 13:30:22,0.884050685973067
2012-08-28 13:30:33,0.8840506859785103
2012-08-28 13:30:42,0.8840506859785103
2012-08-28 13:30:53,0.8840506859785103
2012-08-28 13:31:03,0.8840506859398851
2012-08-28 13:31:12,0.884050685973067
2012-08-28 13:31:23,0.8840506859785103
2012-08-28 13:31:32,0.8840506859785103
2012-08-28 13:31:43,0.8840506859785103
2012-08-28 13:31:53,0.8840506859398851
2012-08-28 13:32:02,0.8840506859785103
2012-08-28 13:32:13,0.884050685973067
2012-08-28 13:32:22,0.8840506859785103
2012-08-28 13:32:33,0.8840506859785103
2012-08-28 13:32:43,0.8840506859785103
2012-08-28 13:32:52,0.8840506859398851
2012-08-28 13:33:03,0.8840506859785103
2012-08-28 13:33:12,0.884050685973067
2012-08-28 13:33:22,0.8840506859785103
2012-08-28 13:33:33,0.8840506859785103
2012-08-28 13:33:42,0.8840506859398851
2012-08-28 13:33:53,0.8840506859785103
2012-08-28 13:34:02,0.8840506859785103
2012-08-28 13:34:12,0.884050685973067
2012-08-28 13:34:23,0.8840506859785103
2012-08-28 13:34:32,0.8840506859398851
2012-08-28 13:34:43,0.8840506859785103
2012-08-28 13:34:53,0.8840506859785103
2012-08-28 13:35:02,0.8840506859785103
2012-08-28 13:35:13,0.884050685973067
2012-08-28 13:35:22,0.8840506859398851
2012-08-28 13:35:33,0.8840506859785103
2012-08-28 13:35:43,0.8840506859785103
2012-08-28 13:35:52,0.8840506859785103
2012-08-28 13:36:03,0.8840506859785103
2012-08-28 13:36:12,0.884050685973067
2012-08-28 13:36:23,0.8840506859398851
2012-08-28 13:36:33,0.8840506859785103
2012-08-28 13:36:42,0.8840506859785103
2012-08-28 13:36:53,0.8840506859785103
2012-08-28 13:37:02,0.8840506859785103
2012-08-28 13:37:12,0.8840506859344419
2012-08-28 13:37:23,0.8840506859785103
2012-08-28 13:37:32,0.8840506859785103
2012-08-28 13:37:43,0.8840506859785103
2012-08-28 13:37:52,0.8840506859785103
2012-08-28 13:38:02,0.8840506859344419
2012-08-28 13:38:13,0.8840506859785103
2012-08-28 13:38:22,0.8840506859785103
2012-08-28 13:38:33,0.8840506859785103
2012-08-28 13:38:42,0.8840506859785103
2012-08-28 13:38:52,0.8840506859785103
2012-08-28 13:39:03,0.8840506859344419
2012-08-28 13:39:12,0.8840506859785103
2012-08-28 13:39:23,0.8840506859785103
2012-08-28 13:39:33,0.8840506859785103
2012-08-28 13:39:42,0.8840506859785103
2012-08-28 13:39:53,0.8840506859398851
2012-08-28 13:40:02,0.884050685973067
2012-08-28 13:40:13,0.8840506859785103
2012-08-28 13:40:23,0.8840506859785103
2012-08-28 13:40:32,0.8840506859785103
2012-08-28 13:40:43,0.8840506859398851
2012-08-28 13:40:52,0.8840506859785103
2012-08-28 13:41:03,0.884050685973067
2012-08-28 13:41:13,0.8840506859785103
2012-08-28 13:41:22,0.8840506859785103
2012-08-28 13:41:33,0.8840506859785103
2012-08-28 13:41:42,0.8840506859398851
2012-08-28 13:41:52,0.8840506859785103
2012-08-28 13:42:03,0.884050685973067
2012-08-28 13:42:12,0.8840506859785103
2012-08-28 13:42:23,0.8840506859785103
2012-08-28 13:42:32,0.8840506859398851
2012-08-28 13:42:42,0.8840506859785103
2012-08-28 13:42:53,0.8840506859785103
2012-08-28 13:43:02,0.884050685973067
2012-08-28 13:43:13,0.8840506859785103
2012-08-28 13:43:22,0.8840506859398851
2012-08-28 13:43:32,0.8840506859785103
2012-08-28 13:43:43,0.8840506859785103
2012-08-28 13:43:52,0.8840506859785103
2012-08-28 13:44:03,0.884050685973067
2012-08-28 13:44:13,0.8840506859398851
2012-08-28 13:44:22,0.8840506859785103
2012-08-28 13:44:33,0.8840506859785103
2012-08-28 13:44:42,0.8840506859785103
2012-08-28 13:44:53,0.884050685973067
2012-08-28 13:45:03,0.8840506859785103
2012-08-28 13:45:12,0.8840506859398851
2012-08-28 13:45:23,0.8840506859785103
2012-08-28 13:45:32,0.8840506859785103
2012-08-28 13:45:43,0.8840506859785103
2012-08-28 13:45:53,0.884050685973067
2012-08-28 13:46:02,0.8840506859398851
2012-08-28 13:46:13,0.8840506859785103
2012-08-28 13:46:22,0.8840506859785103
2012-08-28 13:46:32,0.8840506859785103
2012-08-28 13:46:43,0.8840506859785103
2012-08-28 13:46:52,0.8840506859344419
2012-08-28 13:47:03,0.8840506859785103
2012-08-28 13:47:12,0.8840506859785103
2012-08-28 13:47:22,0.8840506859785103
2012-08-28 13:47:33,0.8840506859785103
2012-08-28 13:47:42,0.8840506859785103
2012-08-28 13:47:53,0.8840506859344419
2012-08-28 13:48:02,0.8840506859785103
2012-08-28 13:48:12,0.8840506859785103
2012-08-28 13:48:23,0.8840506859785103
2012-08-28 13:48:32,0.8840506859785103
2012-08-28 13:48:43,0.8840506859398851
2012-08-28 13:48:53,0.884050685973067
2012-08-28 13:49:02,0.8840506859785103
2012-08-28 13:49:13,0.8840506859785103
2012-08-28 13:49:22,0.8840506859785103
2012-08-28 13:49:33,0.8840506859398851
2012-08-28 13:49:43,0.8840506859785103
2012-08-28 13:49:52,0.884050685973067
2012-08-28 13:50:03,0.8840506859785103
2012-08-28 13:50:12,0.8840506859785103
2012-08-28 13:50:23,0.8840506859785103
2012-08-28 13:50:33,0.8840506859398851
2012-08-28 13:50:42,0.8840506859785103
2012-08-28 13:50:53,0.884050685973067
2012-08-28 13:51:02,0.8840506859785103
2012-08-28 13:51:12,0.8840506859785103
2012-08-28 13:51:23,0.8840506859398851
2012-08-28 13:51:32,0.8840506859785103
2012-08-28 13:51:43,0.8840506859785103
2012-08-28 13:51:52,0.884050685973067
2012-08-28 13:52:02,0.8840506859785103
2012-08-28 13:52:13,0.8840506859398851
2012-08-28 13:52:22,0.8840506859785103
2012-08-28 13:52:33,0.8840506859785103
2012-08-28 13:52:43,0.884050685973067
2012-08-28 13:52:52,0.8840506859785103
2012-08-28 13:53:03,0.8840506859398851
2012-08-28 13:53:12,0.8840506859785103
2012-08-28 13:53:23,0.8840506859785103
2012-08-28 13:53:33,0.8840506859785103
2012-08-28 13:53:42,0.884050685973067
2012-08-28 13:53:53,0.8840506859785103
2012-08-28 13:54:02,0.8840506859398851
2012-08-28 13:54:13,0.8840506859785103
2012-08-28 13:54:23,0.8840506859785103
2012-08-28 13:54:32,0.8840506859785103
2012-08-28 13:54:43,0.884050685973067
2012-08-28 13:54:52,0.8840506859398851
2012-08-28 13:55:03,0.8840506859785103
2012-08-28 13:55:13,0.8840506859785103
2012-08-28 13:55:22,0.8840506859785103
2012-08-28 13:55:33,0.8840506859785103
2012-08-28 13:55:42,0.8840506859344419
2012-08-28 13:55:52,0.8840506859785103
2012-08-28 13:56:03,0.8840506859785103
2012-08-28 13:56:12,0.8840506859785103
2012-08-28 13:56:23,0.8840506859785103
2012-08-28 13:56:32,0.8840506859785103
2012-08-28 13:56:42,0.8840506859344419
2012-08-28 13:56:53,0.8840506859785103
2012-08-28 13:57:02,0.8840506859785103
2012-08-28 13:57:13,0.8840506859785103
2012-08-28 13:57:23,0.8840506859785103
2012-08-28 13:57:32,0.8840506859398851
2012-08-28 13:57:43,0.884050685973067
2012-08-28 13:57:52,0.8840506859785103
2012-08-28 13:58:03,0.8840506859785103
2012-08-28 13:58:13,0.8840506859785103
2012-08-28 13:58:22,0.8840506859398851
2012-08-28 13:58:33,0.884050685973067
2012-08-28 13:58:42,0.8840506859785103
2012-08-28 13:58:53,0.8840506859785103
2012-08-28 13:59:03,0.8840506859785103
2012-08-28 13:59:12,0.8840506859785103
2012-08-28 13:59:23,0.8840506859398851
2012-08-28 13:59:32,0.884050685973067
2012-08-28 13:59:42,0.8840506859785103
2012-08-28 13:59:53,0.8840506859785103
2012-08-28 14:00:02,0.8840506859785103
2012-08-28 14:00:13,0.8840506859398851
2012-08-28 14:00:22,0.8840506859785103
2012-08-28 14:00:32,0.884050685973067
2012-08-28 14:00:43,0.8840506859785103
2012-08-28 14:00:52,0.8840506859785103
2012-08-28 14:01:03,0.8840506859398851
2012-08-28 14:01:12,0.8840506859785103
2012-08-28 14:01:22,0.8840506859785103
2012-08-28 14:01:33,0.884050685973067
2012-08-28 14:01:42,0.8840506859785103
2012-08-28 14:01:53,0.8840506859398851
2012-08-28 14:02:03,0.8840506859785103
2012-08-28 14:02:12,0.8840506859785103
2012-08-28 14:02:23,0.8840506859785103
2012-08-28 14:02:32,0.884050685973067
2012-08-28 14:02:43,0.8840506859785103
2012-08-28 14:02:53,0.8840506859398851
2012-08-28 14:03:02,0.8840506859785103
2012-08-28 14:03:13,0.8840506859785103
2012-08-28 14:03:22,0.8840506859785103
2012-08-28 14:03:33,0.884050685973067
2012-08-28 14:03:43,0.8840506859398851
2012-08-28 14:03:52,0.8840506859785103
2012-08-28 14:04:03,0.8840506859785103
2012-08-28 14:04:12,0.8840506859785103
2012-08-28 14:04:22,0.8840506859785103
2012-08-28 14:04:33,0.8840506859344419
2012-08-28 14:04:42,0.8840506859785103
2012-08-28 14:04:53,0.8840506859785103
2012-08-28 14:05:02,0.8840506859785103
2012-08-28 14:05:12,0.8840506859785103
2012-08-28 14:05:23,0.8840506859785103
2012-08-28 14:05:32,0.8840506859344419
2012-08-28 14:05:43,0.8840506859785103
2012-08-28 14:05:52,0.8840506859785103
2012-08-28 14:06:02,0.8840506859785103
2012-08-28 14:06:13,0.8840506859785103
2012-08-28 14:06:22,0.8840506859344419
2012-08-28 14:06:33,0.8840506859785103
2012-08-28 14:06:43,0.8840506859785103
2012-08-28 14:06:52,0.8840506859785103
2012-08-28 14:07:03,0.8840506859785103
2012-08-28 14:07:12,0.8840506859398851
2012-08-28 14:07:23,0.884050685973067
2012-08-28 14:07:33,0.8840506859785103
2012-08-28 14:07:42,0.8840506859785103
2012-08-28 14:07:53,0.8840506859785103
2012-08-28 14:08:02,0.8840506859785103
2012-08-28 14:08:13,0.8840506859398851
2012-08-28 14:08:23,0.884050685973067
2012-08-28 14:08:32,0.8840506859785103
2012-08-28 14:08:43,0.8840506859785103
2012-08-28 14:08:52,0.8840506859785103
2012-08-28 14:09:02,0.8840506859398851
2012-08-28 14:09:13,0.8840506859785103
2012-08-28 14:09:22,0.884050685973067
2012-08-28 14:09:33,0.8840506859785103
2012-08-28 14:09:42,0.8840506859785103
2012-08-28 14:09:52,0.8840506859398851
2012-08-28 14:10:03,0.8840506859785103
2012-08-28 14:10:12,0.8840506859785103
2012-08-28 14:10:23,0.884050685973067
2012-08-28 14:10:32,0.8840506859785103
2012-08-28 14:10:42,0.8840506859398851
2012-08-28 14:10:53,0.8840506859785103
2012-08-28 14:11:02,0.8840506859785103
2012-08-28 14:11:13,0.8840506859785103
2012-08-28 14:11:23,0.884050685973067
2012-08-28 14:11:32,0.8840506859785103
2012-08-28 14:11:43,0.8840506859398851
2012-08-28 14:11:52,0.8840506859785103
2012-08-28 14:12:03,0.8840506859785103
2012-08-28 14:12:13,0.8840506859785103
2012-08-28 14:12:22,0.884050685973067
2012-08-28 14:12:33,0.8840506859398851
2012-08-28 14:12:42,0.8840506859785103
2012-08-28 14:12:53,0.8840506859785103
2012-08-28 14:13:03,0.8840506859785103
2012-08-28 14:13:12,0.884050685973067
2012-08-28 14:13:23,0.8840506859398851
2012-08-28 14:13:32,0.8840506859785103
2012-08-28 14:13:42,0.8840506859785103
2012-08-28 14:13:53,0.8840506859785103
2012-08-28 14:14:02,0.8840506859785103
2012-08-28 14:14:13,0.884050685973067
2012-08-28 14:14:22,0.8840506859398851
2012-08-28 14:14:32,0.8840506859785103
2012-08-28 14:14:43,0.8840506859785103
2012-08-28 14:14:52,0.8840506859785103
2012-08-28 14:15:03,0.8840506859785103
2012-08-28 14:15:13,0.8840506859344419
2012-08-28 14:15:22,0.8840506859785103
2012-08-28 14:15:33,0.8840506859785103
2012-08-28 14:15:42,0.8840506859785103
2012-08-28 14:15:53,0.8840506859785103
2012-08-28 14:16:03,0.8840506859398851
2012-08-28 14:16:12,0.884050685973067
2012-08-28 14:16:23,0.8840506859785103
2012-08-28 14:16:32,0.8840506859785103
2012-08-28 14:16:43,0.8840506859785103
2012-08-28 14:16:53,0.8840506859398851
2012-08-28 14:17:02,0.8840506859785103
2012-08-28 14:17:13,0.884050685973067
2012-08-28 14:17:22,0.8840506859785103
2012-08-28 14:17:33,0.8840506859785103
2012-08-28 14:17:43,0.8840506859785103
2012-08-28 14:17:52,0.8840506859398851
2012-08-28 14:18:03,0.8840506859785103
2012-08-28 14:18:12,0.884050685973067
2012-08-28 14:18:22,0.8840506859785103
2012-08-28 14:18:33,0.8840506859785103
2012-08-28 14:18:42,0.8840506859398851
2012-08-28 14:18:53,0.8840506859785103
2012-08-28 14:19:02,0.8840506859785103
2012-08-28 14:19:12,0.884050685973067
2012-08-28 14:19:23,0.8840506859785103
2012-08-28 14:19:32,0.8840506859398851
2012-08-28 14:19:43,0.8840506859785103
2012-08-28 14:19:53,0.8840506859785103
2012-08-28 14:20:02,0.884050685973067
2012-08-28 14:20:13,0.8840506859785103
2012-08-28 14:20:22,0.8840506859785103
2012-08-28 14:20:33,0.8840506859398851
2012-08-28 14:20:43,0.8840506859785103
2012-08-28 14:20:52,0.8840506859785103
2012-08-28 14:21:03,0.884050685973067
2012-08-28 14:21:12,0.8840506859785103
2012-08-28 14:21:23,0.8840506859398851
2012-08-28 14:21:33,0.8840506859785103
2012-08-28 14:21:42,0.8840506859785103
2012-08-28 14:21:53,0.8840506859785103
2012-08-28 14:22:02,0.884050685973067
2012-08-28 14:22:12,0.8840506859398851
2012-08-28 14:22:23,0.8840506859785103
2012-08-28 14:22:32,0.8840506859785103
2012-08-28 14:22:43,0.8840506859785103
2012-08-28 14:22:52,0.8840506859785103
2012-08-28 14:23:02,0.884050685973067
2012-08-28 14:23:13,0.8840506859398851
2012-08-28 14:23:22,0.8840506859785103
2012-08-28 14:23:33,0.8840506859785103
2012-08-28 14:23:42,0.8840506859785103
2012-08-28 14:23:52,0.8840506859785103
2012-08-28 14:24:03,0.8840506859344419
2012-08-28 14:24:12,0.8840506859785103
2012-08-28 14:24:23,0.8840506859785103
2012-08-28 14:24:33,0.8840506859785103
2012-08-28 14:24:42,0.8840506859785103
2012-08-28 14:24:53,0.8840506859398851
2012-08-28 14:25:02,0.884050685973067
2012-08-28 14:25:13,0.8840506859785103
2012-08-28 14:25:23,0.8840506859785103
2012-08-28 14:25:32,0.8840506859785103
2012-08-28 14:25:43,0.8840506859398851
2012-08-28 14:25:52,0.8840506859785103
2012-08-28 14:26:03,0.884050685973067
2012-08-28 14:26:13,0.8840506859785103
2012-08-28 14:26:22,0.8840506859785103
2012-08-28 14:26:33,0.8840506859785103
2012-08-28 14:26:42,0.8840506859398851
2012-08-28 14:26:52,0.884050685973067
2012-08-28 14:27:03,0.8840506859785103
2012-08-28 14:27:12,0.8840506859785103
2012-08-28 14:27:23,0.8840506859785103
2012-08-28 14:27:32,0.8840506859398851
2012-08-28 14:27:42,0.8840506859785103
2012-08-28 14:27:53,0.884050685973067
2012-08-28 14:28:02,0.8840506859785103
2012-08-28 14:28:13,0.8840506859785103
2012-08-28 14:28:22,0.8840506859398851
2012-08-28 14:28:32,0.8840506859785103
2012-08-28 14:28:43,0.8840506859785103
2012-08-28 14:28:52,0.884050685973067
2012-08-28 14:29:03,0.8840506859785103
2012-08-28 14:29:13,0.8840506859785103
2012-08-28 14:29:22,0.8840506859398851
2012-08-28 14:29:33,0.8840506859785103
2012-08-28 14:29:42,0.8840506859785103
2012-08-28 14:29:53,0.884050685973067
2012-08-28 14:30:03,0.8840506859785103
2012-08-28 14:30:12,0.8840506859398851
2012-08-28 14:30:23,0.8840506859785103
2012-08-28 14:30:32,0.8840506859785103
2012-08-28 14:30:43,0.8840506859785103
2012-08-28 14:30:53,0.884050685973067
2012-08-28 14:31:02,0.8840506859398851
2012-08-28 14:31:13,0.8840506859785103
2012-08-28 14:31:22,0.8840506859785103
2012-08-28 14:31:32,0.8840506859785103
2012-08-28 14:31:43,0.8840506859785103
2012-08-28 14:31:52,0.884050685973067
2012-08-28 14:32:03,0.8840506859398851
2012-08-28 14:32:12,0.8840506859785103
2012-08-28 14:32:22,0.8840506859785103
2012-08-28 14:32:33,0.8840506859785103
2012-08-28 14:32:42,0.8840506859785103
2012-08-28 14:32:53,0.8840506859344419
2012-08-28 14:33:02,0.8840506859785103
2012-08-28 14:33:12,0.8840506859785103
2012-08-28 14:33:23,0.9507199288513065
2012-08-28 14:33:32,0.5088936004205474
2012-08-28 14:33:43,0.22148517703198436
2012-08-28 14:33:53,0.7735322755896297
2012-08-28 14:34:02,2.1112617237065665
2012-08-28 14:34:13,0.18060141455654002
2012-08-28 14:34:22,1.8704481919620861
2012-08-28 14:34:33,0.6005047984296354
2012-08-28 14:34:43,0.5636280139514994
2012-08-28 14:34:52,0.38507072388436764
2012-08-28 14:35:03,0.3145409007609571
2012-08-28 14:35:12,0.5383133551537077
2012-08-28 14:35:23,7.176777029149935
2012-08-28 14:35:33,6.473668048251935
2012-08-28 14:35:42,7.095349859352141
2012-08-28 14:35:53,3.5280654479048352
2012-08-28 14:36:02,0.8560701398595659
2012-08-28 14:36:12,1.7252997562424974
2012-08-28 14:36:23,4.756746838038578
2012-08-28 14:36:32,7.596774247672259
2012-08-28 14:36:43,6.0697925835094235
2012-08-28 14:36:52,5.465697407612817
2012-08-28 14:37:02,2.5781301613284495
2012-08-28 14:37:13,7.907207762772005
2012-08-28 14:37:22,6.845643513093729
2012-08-28 14:37:33,2.463980440391989
2012-08-28 14:37:43,4.460470764971996
2012-08-28 14:37:52,4.776272556931609
2012-08-28 14:38:03,6.377920947606671
2012-08-28 14:38:12,0.4890253585730502
2012-08-28 14:38:23,0.44837876296910273
2012-08-28 14:38:33,0.5702610067840089
2012-08-28 14:38:42,1.7258759592638644
2012-08-28 14:38:53,15.585337074314028
2012-08-28 14:39:02,3.284348086802154
2012-08-28 14:39:13,3.8578116611218194
2012-08-28 14:39:23,1.6895268024143706
2012-08-28 14:39:32,1.2314065091950381
2012-08-28 14:39:43,0.6616115158699717
2012-08-28 14:39:52,3.360117369190063
2012-08-28 14:40:03,3.7194203553434964
2012-08-28 14:40:13,0.6159872256061496
2012-08-28 14:40:22,0.3681065395418332
2012-08-28 14:40:33,1.41721027465367
2012-08-28 14:40:42,0.2228833347392518
2012-08-28 14:40:52,1.542491226537531
2012-08-28 14:41:03,4.674875018632004
2012-08-28 14:41:12,3.3213963436673075
2012-08-28 14:41:23,0.1696511770187338
2012-08-28 14:41:32,0.41538885622247845
2012-08-28 14:41:42,1.2051021733546392
2012-08-28 14:41:53,1.769950609721624
2012-08-28 14:42:02,5.562728620445421
2012-08-28 14:42:13,1.5014594565094599
2012-08-28 14:42:23,0.23445902520504083
2012-08-28 14:42:32,6.754776130208944
2012-08-28 14:42:43,7.073430846661993
2012-08-28 14:42:52,6.876051709428989
2012-08-28 14:43:03,6.6543832654469295
2012-08-28 14:43:13,3.14735855786759
2012-08-28 14:43:22,2.1133632528518906
2012-08-28 14:43:33,4.901202114109139
2012-08-28 14:43:42,2.0293105211176257
2012-08-28 14:43:53,1.7526211287926092
2012-08-28 14:44:03,1.3405237456100618
2012-08-28 14:44:12,3.365337729390701
2012-08-28 14:44:23,7.971213744196433
2012-08-28 14:44:32,6.079836340408884
2012-08-28 14:44:42,4.377884207028489
2012-08-28 14:44:53,1.377632175835823
2012-08-28 14:45:02,2.1089605122241073
2012-08-28 14:45:13,2.3793460831243824
2012-08-28 14:45:22,1.0279964525776812
2012-08-28 14:45:32,1.4702718843584304
2012-08-28 14:45:43,0.6613885951708588
2012-08-28 14:45:52,7.442786831253031
2012-08-28 14:46:03,1.9862047917931287
2012-08-28 14:46:12,1.5585693617047116
2012-08-28 14:46:22,0.6669974978228452
2012-08-28 14:46:33,3.3048985342684114
2012-08-28 14:46:42,8.800197922732012
2012-08-28 14:46:53,1.5478996459269385
2012-08-28 14:47:03,4.174191875967164
2012-08-28 14:47:12,6.061154753198262
2012-08-28 14:47:23,7.7540704018892415
2012-08-28 14:47:32,8.221481456556656
2012-08-28 14:47:43,7.3148864613114615
2012-08-28 14:47:53,6.56862424332592
2012-08-28 14:48:02,3.0093132207586617
2012-08-28 14:48:13,0.7369601603067694
2012-08-28 14:48:22,5.659441645557051
2012-08-28 14:48:33,9.705477171586432
2012-08-28 14:48:43,7.551363868416492
2012-08-28 14:48:52,6.700838449001285
2012-08-28 14:49:03,6.62542793925345
2012-08-28 14:49:12,7.303034864601177
2012-08-28 14:49:22,13.714920375477844
2012-08-28 14:49:33,17.5647563508945
2012-08-28 14:49:42,10.468349583371658
2012-08-28 14:49:53,8.658617112970166
2012-08-28 14:50:02,0.6292167709650667
2012-08-28 14:50:12,2.9031651451841407
2012-08-28 14:50:23,0.21739436772423212
2012-08-28 14:50:32,1.1376796424827336
2012-08-28 14:50:43,2.7648713194192616
2012-08-28 14:50:52,2.8656858597764425
2012-08-28 14:51:02,3.5784089330995505
2012-08-28 14:51:13,7.616672734912048
2012-08-28 14:51:22,6.159238851462088
2012-08-28 14:51:33,7.371122628757353
2012-08-28 14:51:43,7.2751362494459
2012-08-28 14:51:52,6.1774537289035605
2012-08-28 14:52:03,6.343636116231608
2012-08-28 14:52:12,1.5811870748176613
2012-08-28 14:52:23,0.8017790556963665
2012-08-28 14:52:33,0.6038598050603173
2012-08-28 14:52:42,0.802334072444369
2012-08-28 14:52:53,5.204587847331894
2012-08-28 14:53:02,3.209074030900493
2012-08-28 14:53:13,1.2774062108186834
2012-08-28 14:53:23,2.9745058909454487
2012-08-28 14:53:32,6.993168238688985
2012-08-28 14:53:43,0.8072529274763406
2012-08-28 14:53:52,0.596674663685375
2012-08-28 14:54:02,3.563815495761682
2012-08-28 14:54:13,1.2996873416113315
2012-08-28 14:54:22,1.058016324244825
2012-08-28 14:54:33,5.096594363194811
2012-08-28 14:54:42,5.912139455323278
2012-08-28 14:54:52,2.1468622086398415
2012-08-28 14:55:03,3.7064503006754106
2012-08-28 14:55:12,0.3998694370428448
2012-08-28 14:55:23,0.5396087901516939
2012-08-28 14:55:32,2.9321098746981753
2012-08-28 14:55:42,4.745986282030433
2012-08-28 14:55:53,0.2897969757345794
2012-08-28 14:56:02,0.9309761522069413
2012-08-28 14:56:13,0.8512046683006383
2012-08-28 14:56:23,0.9694974446524156
2012-08-28 14:56:32,0.44806132936328313
2012-08-28 14:56:43,1.5134385271349782
2012-08-28 14:56:52,0.614810756880223
2012-08-28 14:57:03,0.08662172089986395
2012-08-28 14:57:13,0.2137980945341296
2012-08-28 14:57:22,0.2434392239320859
2012-08-28 14:57:33,0.6396933184654969
2012-08-28 14:57:42,3.7685928640869535
2012-08-28 14:57:53,0.5698939163274974
2012-08-28 14:58:03,6.47969645454954
2012-08-28 14:58:12,8.029546039172292
2012-08-28 14:58:23,7.160015116278352
2012-08-28 14:58:32,6.089407382530456
2012-08-28 14:58:42,5.1356596105214605
2012-08-28 14:58:53,1.5052242352761922
2012-08-28 14:59:02,3.0139149865034556
2012-08-28 14:59:13,2.3622533956007046
2012-08-28 14:59:22,3.768437796751577
2012-08-28 14:59:32,3.8192086738849462
2012-08-28 14:59:43,5.317603269044363
2012-08-28 14:59:52,1.9808499785477456
2012-08-28 15:00:03,0.476942733764868
2012-08-28 15:00:13,3.1004611340576997
2012-08-28 15:00:22,5.446166390650368
2012-08-28 15:00:33,2.2437995187910023
2012-08-28 15:00:42,2.149485368830766
2012-08-28 15:00:53,3.4076294319969898
2012-08-28 15:01:03,1.695843430755954
2012-08-28 15:01:12,0.4458713643693587
2012-08-28 15:01:23,3.126409897904138
2012-08-28 15:01:32,1.5926763137132658
2012-08-28 15:01:43,1.4385467542297858
2012-08-28 15:01:53,2.0649946489038418
2012-08-28 15:02:02,3.6923260782332936
2012-08-28 15:02:13,0.4028829791389426
2012-08-28 15:02:22,2.569455249626875
2012-08-28 15:02:33,0.24521026579295604
2012-08-28 15:02:43,1.3230998092414068
2012-08-28 15:02:52,1.7814223923235584
2012-08-28 15:03:03,5.471428858383578
2012-08-28 15:03:12,3.8569847819022915
2012-08-28 15:03:22,6.322555636708723
2012-08-28 15:03:33,3.4658733604366643
2012-08-28 15:03:42,2.8495419496220675
2012-08-28 15:03:53,0.4901365123619689
2012-08-28 15:04:02,0.7862818306034588
2012-08-28 15:04:12,0.507580905732281
2012-08-28 15:04:23,1.2829957962465257
2012-08-28 15:04:32,0.5566880066069005
2012-08-28 15:04:43,1.4193153342687082
2012-08-28 15:04:53,1.8290489294012044
2012-08-28 15:05:02,0.5011780248323033
2012-08-28 15:05:13,2.7670553060053424
2012-08-28 15:05:22,0.2712214616832993
2012-08-28 15:05:33,0.3148914941039269
2012-08-28 15:05:43,0.7789153363496926
2012-08-28 15:05:52,0.7375768992404151
2012-08-28 15:06:03,0.386454633644359
2012-08-28 15:06:12,0.835326201011457
2012-08-28 15:06:23,0.3104867114968692
2012-08-28 15:06:33,0.642363756487628
2012-08-28 15:06:42,0.353162081097974
2012-08-28 15:06:53,2.265616789598763
2012-08-28 15:07:02,1.819796638628752
2012-08-28 15:07:12,0.24961330077774893
2012-08-28 15:07:23,2.1205365832581693
2012-08-28 15:07:32,0.7667184496163105
2012-08-28 15:07:43,0.7359654948417518
2012-08-28 15:07:52,3.2077705511340993
2012-08-28 15:08:02,3.248344680361599
2012-08-28 15:08:13,5.7736385254321485
2012-08-28 15:08:22,6.082299532413295
2012-08-28 15:08:33,1.6018162220971273
2012-08-28 15:08:42,1.5815037302507424
2012-08-28 15:08:52,0.385262309292786
2012-08-28 15:09:03,0.28778207743335893
2012-08-28 15:09:12,1.773121527285071
2012-08-28 15:09:23,3.926925498166906
2012-08-28 15:09:33,0.5951896390082992
2012-08-28 15:09:42,0.18121685163043863
2012-08-28 15:09:53,2.387850134761189
2012-08-28 15:10:02,6.133686967243479
2012-08-28 15:10:13,7.784195868513124
2012-08-28 15:10:23,5.077291707359795
2012-08-28 15:10:32,0.81889685878074
2012-08-28 15:10:43,0.43049005104848204
2012-08-28 15:10:52,0.5126983345577615
2012-08-28 15:11:03,0.08931850037322998
2012-08-28 15:11:13,0.7109755485974906
2012-08-28 15:11:22,6.229105179633923
2012-08-28 15:11:33,8.9821001981589
2012-08-28 15:11:42,7.861031728517853
2012-08-28 15:11:52,5.827250072798218
2012-08-28 15:12:03,3.2156504449496324
2012-08-28 15:12:12,0.16540279778406128
2012-08-28 15:12:23,0.40685151100169226
2012-08-28 15:12:32,0.28897611594205386
2012-08-28 15:12:42,0.13767322889728206
2012-08-28 15:12:53,0.5054315275037656
2012-08-28 15:13:02,0.6719922304020844
2012-08-28 15:13:13,0.2241334650599789
2012-08-28 15:13:22,1.0946262393585793
2012-08-28 15:13:32,1.3305887352515002
2012-08-28 15:13:43,0.42671266237633504
2012-08-28 15:13:52,1.5523059179154937
2012-08-28 15:14:03,0.2920887762968554
2012-08-28 15:14:13,3.9802458964242953
2012-08-28 15:14:22,2.987395204295758
2012-08-28 15:14:33,0.2604066655642802
2012-08-28 15:14:42,5.3478561647843685
2012-08-28 15:14:53,0.354628042499769
2012-08-28 15:15:03,2.330190763833606
2012-08-28 15:15:12,2.8613220008155453
2012-08-28 15:15:23,1.8026138096453188
2012-08-28 15:15:32,0.4403476072522881
2012-08-28 15:15:43,1.8762544602453537
2012-08-28 15:15:53,6.740802763294286
2012-08-28 15:16:02,1.436408135246461
2012-08-28 15:16:13,0.4658607614356918
2012-08-28 15:16:22,0.31742026995485384
2012-08-28 15:16:32,0.5823493430348433
2012-08-28 15:16:43,0.7876363633843334
2012-08-28 15:16:52,0.2237875461916056
2012-08-28 15:17:03,0.27581271801219354
2012-08-28 15:17:12,0.7510183060607811
2012-08-28 15:17:22,0.4158239316566133
2012-08-28 15:17:33,0.8176794970125879
2012-08-28 15:17:42,0.21866550529863718
2012-08-28 15:17:53,0.4218683497594702
2012-08-28 15:18:02,0.2996729051428839
2012-08-28 15:18:12,0.3083864526977401
2012-08-28 15:18:23,0.3555009716927486
2012-08-28 15:18:32,0.5599315428222849
2012-08-28 15:18:43,0.42269696416184466
2012-08-28 15:18:53,0.30387146179747926
2012-08-28 15:19:02,0.24168249794079286
2012-08-28 15:19:13,0.12297875015270641
2012-08-28 15:19:22,0.04972905360771636
2012-08-28 15:19:33,0.10985944155451904
2012-08-28 15:19:43,0.07429442886515533
2012-08-28 15:19:52,0.29113843143062856
2012-08-28 15:20:03,0.3209405881762519
2012-08-28 15:20:12,0.3514933113341746
2012-08-28 15:20:23,0.25988861259899765
2012-08-28 15:20:33,0.6353177032063578
2012-08-28 15:20:42,0.5844973071450398
2012-08-28 15:20:53,0.2873414705990109
2012-08-28 15:21:02,0.35810998538769556
2012-08-28 15:21:12,0.42160236535510676
2012-08-28 15:21:23,0.62197370142189
2012-08-28 15:21:32,0.3272737453345758
2012-08-28 15:21:43,1.0627765571821115
2012-08-28 15:21:52,0.35550097328871805
2012-08-28 15:22:02,0.15762019375095265
2012-08-28 15:22:13,0.34150391457075485
2012-08-28 15:22:22,3.7173721949423912
2012-08-28 15:22:33,0.3428922850684932
2012-08-28 15:22:43,0.572552638300623
2012-08-28 15:22:52,0.5003916550953047
2012-08-28 15:23:03,0.49970026271613804
2012-08-28 15:23:12,0.21739439709660346
2012-08-28 15:23:23,0.5954007632956312
2012-08-28 15:23:33,0.27476079033593875
2012-08-28 15:23:42,0.13543365504603444
2012-08-28 15:23:53,0.45401690691808155
2012-08-28 15:24:02,0.1118937738887979
2012-08-28 15:24:13,0.2775973803395134
2012-08-28 15:24:23,0.725047495817325
2012-08-28 15:24:32,0.7791413127718949
2012-08-28 15:24:43,0.3295783267191721
2012-08-28 15:24:52,0.5217364581206404
2012-08-28 15:25:03,0.30192991052964396
2012-08-28 15:25:13,0.4570533929433048
2012-08-28 15:25:22,0.4428374970650797
2012-08-28 15:25:33,0.5100142935687472
2012-08-28 15:25:42,0.10556160281906377
2012-08-28 15:25:52,0.17971950141102228
2012-08-28 15:26:03,0.9156593125031828
2012-08-28 15:26:12,0.5639416501239249
2012-08-28 15:26:23,0.36049449175125386
2012-08-28 15:26:32,0.5327571775448144
2012-08-28 15:26:42,0.09536039030955616
2012-08-28 15:26:53,1.7713499876296845
2012-08-28 15:27:02,0.17525960412585898
2012-08-28 15:27:13,0.7684478029103733
2012-08-28 15:27:23,0.46373463624190125
2012-08-28 15:27:32,0.3897103036419418
2012-08-28 15:27:43,0.2695307235482543
2012-08-28 15:27:52,0.10905195830581138
2012-08-28 15:28:03,0.6274286861390066
2012-08-28 15:28:13,0.4540784904411814
2012-08-28 15:28:22,1.9746017750864133
2012-08-28 15:28:33,0.3061901405094148
2012-08-28 15:28:42,0.6440175586452354
2012-08-28 15:28:53,0.8093869050828737
2012-08-28 15:29:03,0.7296990235596386
2012-08-28 15:29:12,0.6101042126146533
2012-08-28 15:29:23,1.6452917942628933
2012-08-28 15:29:32,0.893826451554249
2012-08-28 15:29:42,0.14489850311194657
2012-08-28 15:29:53,0.5354847330995135
2012-08-28 15:30:02,0.40572607548732875
2012-08-28 15:30:13,0.4267126960403155
2012-08-28 15:30:22,0.5233068843802404
2012-08-28 15:30:32,0.31196436661763505
2012-08-28 15:30:43,0.5882801843429203
2012-08-28 15:30:52,0.42511410542867617
2012-08-28 15:31:03,0.7909842852309381
2012-08-28 15:31:12,0.7220140160244876
2012-08-28 15:31:22,0.1797195010807495
2012-08-28 15:31:33,1.1122279464028646
2012-08-28 15:31:42,1.358497939294515
2012-08-28 15:31:53,1.3584979392966636
2012-08-28 15:32:03,1.358497939294515
2012-08-28 15:32:12,1.3584979393501266
2012-08-28 15:32:23,1.3584979392966636
2012-08-28 15:32:32,1.358497939294515
2012-08-28 15:32:43,1.358497939294515
2012-08-28 15:32:53,1.3584979392966636
2012-08-28 15:33:02,1.358497939294515
2012-08-28 15:33:13,1.358497939294515
2012-08-28 15:33:22,1.3584979392966636
2012-08-28 15:33:33,1.3584979393501266
2012-08-28 15:33:43,1.358497939294515
2012-08-28 15:33:52,1.3584979392966636
2012-08-28 15:34:03,1.358497939294515
2012-08-28 15:34:12,1.3584979392966636
2012-08-28 15:34:22,1.358497939294515
2012-08-28 15:34:33,1.358497939294515
2012-08-28 15:34:42,1.3584979392966636
2012-08-28 15:34:53,1.3584979393501266
2012-08-28 15:35:02,1.358497939294515
2012-08-28 15:35:12,1.3584979392966636
2012-08-28 15:35:23,1.358497939294515
2012-08-28 15:35:32,1.358497939294515
2012-08-28 15:35:43,1.3584979392966636
2012-08-28 15:35:52,1.358497939294515
2012-08-28 15:36:02,1.3584979393501266
2012-08-28 15:36:13,1.3584979392966636
2012-08-28 15:36:22,1.358497939294515
2012-08-28 15:36:33,1.358497939294515
2012-08-28 15:36:43,1.3584979392966636
2012-08-28 15:36:52,1.358497939294515
2012-08-28 15:37:03,1.358497939294515
2012-08-28 15:37:12,1.3584979392966636
2012-08-28 15:37:23,1.3584979393501266
2012-08-28 15:37:33,1.358497939294515
2012-08-28 15:37:42,1.3584979392966636
2012-08-28 15:37:53,1.358497939294515
2012-08-28 15:38:02,1.358497939294515
2012-08-28 15:38:13,1.3584979392966636
2012-08-28 15:38:23,1.358497939294515
2012-08-28 15:38:32,1.3584979393501266
2012-08-28 15:38:43,1.3584979392966636
2012-08-28 15:38:52,1.358497939294515
2012-08-28 15:39:02,1.358497939294515
2012-08-28 15:39:13,1.3584979392966636
2012-08-28 15:39:22,1.358497939294515
2012-08-28 15:39:33,1.3584979392966636
2012-08-28 15:39:42,1.358497939294515
2012-08-28 15:39:52,1.3584979393501266
2012-08-28 15:40:03,1.3584979392966636
2012-08-28 15:40:12,1.358497939294515
2012-08-28 15:40:23,1.358497939294515
2012-08-28 15:40:32,1.3584979392966636
2012-08-28 15:40:42,1.358497939294515
2012-08-28 15:40:53,1.358497939294515
2012-08-28 15:41:02,1.3584979392966636
2012-08-28 15:41:13,1.3584979393501266
2012-08-28 15:41:23,1.358497939294515
2012-08-28 15:41:32,1.3584979392966636
2012-08-28 15:41:43,1.358497939294515
2012-08-28 15:41:52,3.516677417783401
2012-08-28 15:42:03,3.516677417779696
2012-08-28 15:42:13,3.5166774177333058
2012-08-28 15:42:22,3.516677417779696
2012-08-28 15:42:33,3.516677417783401
2012-08-28 15:42:42,3.516677417779696
2012-08-28 15:42:53,3.5166774177333058
2012-08-28 15:43:03,3.516677417783401
2012-08-28 15:43:12,3.516677417779696
2012-08-28 15:43:23,3.516677417783401
2012-08-28 15:43:32,3.516677417779696
2012-08-28 15:43:42,3.5166774177333058
2012-08-28 15:43:53,3.516677417783401
2012-08-28 15:44:02,3.516677417779696
2012-08-28 15:44:13,3.516677417783401
2012-08-28 15:44:22,3.5166774177296007
2012-08-28 15:44:32,3.516677417783401
2012-08-28 15:44:43,3.516677417779696
2012-08-28 15:44:52,3.516677417783401
2012-08-28 15:45:03,3.516677417783401
2012-08-28 15:45:13,3.5166774177296007
2012-08-28 15:45:22,3.516677417783401
2012-08-28 15:45:33,3.516677417779696
2012-08-28 15:45:42,3.516677417783401
2012-08-28 15:45:53,3.5166774177296007
2012-08-28 15:46:03,3.516677417783401
2012-08-28 15:46:12,3.516677417783401
2012-08-28 15:46:23,3.516677417779696
2012-08-28 15:46:32,3.516677417783401
2012-08-28 15:46:43,3.5166774177296007
2012-08-28 15:46:53,3.516677417783401
2012-08-28 15:47:02,3.516677417779696
2012-08-28 15:47:13,3.516677417783401
2012-08-28 15:47:22,3.5166774177333058
2012-08-28 15:47:33,3.516677417779696
2012-08-28 15:47:43,3.516677417783401
2012-08-28 15:47:52,3.516677417779696
2012-08-28 15:48:03,3.516677417783401
2012-08-28 15:48:12,3.5166774177333058
2012-08-28 15:48:22,3.516677417779696
2012-08-28 15:48:33,3.516677417783401
2012-08-28 15:48:42,3.516677417779696
2012-08-28 15:48:53,3.5166774177333058
2012-08-28 15:49:02,3.516677417779696
2012-08-28 15:49:12,3.516677417783401
2012-08-28 15:49:23,1.9207826588407277
2012-08-28 15:49:32,1.92078265878258
2012-08-28 15:49:43,1.9207826588407277
2012-08-28 15:49:53,1.9207826588407277
2012-08-28 15:50:02,1.92078265878258
2012-08-28 15:50:13,1.9207826588407277
2012-08-28 15:50:22,1.9207826588407277
2012-08-28 15:50:33,1.92078265878258
2012-08-28 15:50:43,1.9207826588407277
2012-08-28 15:50:52,1.92078265878258
2012-08-28 15:51:03,1.9207826588407277
2012-08-28 15:51:12,1.9207826588407277
2012-08-28 15:51:23,1.92078265878258
2012-08-28 15:51:33,1.9207826588407277
2012-08-28 15:51:42,5.107210215488937
2012-08-28 15:51:53,2.7238619802723845
2012-08-28 15:52:02,2.7238619803237367
2012-08-28 15:52:12,2.7238619802723845
2012-08-28 15:52:23,2.7238619802723845
2012-08-28 15:52:32,2.7238619802723845
2012-08-28 15:52:43,2.7238619803237367
2012-08-28 15:52:52,2.7238619802723845
2012-08-28 15:53:02,2.7238619802723845
2012-08-28 15:53:13,2.7238619802723845
2012-08-28 15:53:22,2.7238619803237367
2012-08-28 15:53:33,2.7238619802723845
2012-08-28 15:53:42,2.7238619802723845
2012-08-28 15:53:52,2.7238619802723845
2012-08-28 15:54:03,2.7238619803237367
2012-08-28 15:54:12,2.7238619802723845
2012-08-28 15:54:23,2.7238619802723845
2012-08-28 15:54:33,2.72386198027581
2012-08-28 15:54:42,2.7238619803237367
2012-08-28 15:54:53,2.7238619802723845
2012-08-28 15:55:02,2.7238619802723845
2012-08-28 15:55:13,2.7238619803237367
2012-08-28 15:55:23,2.7238619802723845
2012-08-28 15:55:32,2.7238619802723845
2012-08-28 15:55:43,2.7238619802723845
2012-08-28 15:55:52,2.7238619803237367
2012-08-28 15:56:03,2.7238619802723845
2012-08-28 15:56:13,2.7238619802723845
2012-08-28 15:56:22,2.7238619802723845
2012-08-28 15:56:33,2.7238619803237367
2012-08-28 15:56:42,2.7238619802723845
2012-08-28 15:56:52,2.7238619802723845
2012-08-28 15:57:03,2.7238619802723845
2012-08-28 15:57:12,2.7238619803237367
2012-08-28 15:57:23,2.7238619802723845
2012-08-28 15:57:32,0.22824481710696778
2012-08-28 15:57:42,0.18070672410973365
2012-08-28 15:57:53,1.2296239862989111
2012-08-28 15:58:02,2.5229375257186333
2012-08-28 15:58:13,0.6304356966155986
2012-08-28 15:58:22,0.345200423193087
2012-08-28 15:58:32,6.386146932937995
2012-08-28 15:58:43,6.052140693423021
2012-08-28 15:58:52,2.2883494046117674
2012-08-28 15:59:03,0.9966851162336976
2012-08-28 15:59:13,0.9966851162409645
2012-08-28 15:59:22,0.4244139440330869
2012-08-28 15:59:33,1.3471908396334158
2012-08-28 15:59:42,0.32248271326128386
2012-08-28 15:59:53,0.6900299754286069
2012-08-28 16:00:03,0.31681185368144094
2012-08-28 16:00:12,0.6844394109514714
2012-08-28 16:00:23,0.2905008585538794
2012-08-28 16:00:32,0.8223067436517362
2012-08-28 16:00:43,2.7071596868252543
2012-08-28 16:00:53,2.4588780976715583
2012-08-28 16:01:02,0.2692825527633106
2012-08-28 16:01:13,2.213612575661005
2012-08-28 16:01:22,3.64088393858778
2012-08-28 16:01:32,4.374021816939508
2012-08-28 16:01:43,0.8013063923884136
2012-08-28 16:01:52,0.4598582705854058
2012-08-28 16:02:03,0.5354899456859733
2012-08-28 16:02:12,0.2631537819608441
2012-08-28 16:02:22,0.26199874108883453
2012-08-28 16:02:33,0.12446214266847802
2012-08-28 16:02:42,2.3663587681349396
2012-08-28 16:02:53,1.7929560349339826
2012-08-28 16:03:02,7.995371656250748
2012-08-28 16:03:12,4.172945401227744
2012-08-28 16:03:23,0.7460055008654698
2012-08-28 16:03:32,0.42542157336868464
2012-08-28 16:03:43,0.3984708555091785
2012-08-28 16:03:53,0.15643702420582156
2012-08-28 16:04:02,4.802854125563705
2012-08-28 16:04:13,2.066985735355107
2012-08-28 16:04:22,2.066985735385983
2012-08-28 16:04:33,2.586038482505614
2012-08-28 16:04:43,2.1755193446631846
2012-08-28 16:04:52,0.4734890900083502
2012-08-28 16:05:03,1.1191356195410032
2012-08-28 16:05:12,0.42888860974040627
2012-08-28 16:05:23,1.2691008557854828
2012-08-28 16:05:33,0.4769438224627662
2012-08-28 16:05:42,0.6786058488278763
2012-08-28 16:05:53,0.9440943936360302
2012-08-28 16:06:02,0.29522558909000624
2012-08-28 16:06:12,0.7627692259381589
2012-08-28 16:06:23,5.8029099803672
2012-08-28 16:06:32,3.31112088226799
2012-08-28 16:06:43,0.08432064747481333
2012-08-28 16:06:52,5.496057945274378
2012-08-28 16:07:02,7.021939944870304
2012-08-28 16:07:13,6.748972548029828
2012-08-28 16:07:22,9.548164416039683
2012-08-28 16:07:33,4.325334797591254
2012-08-28 16:07:43,7.378400592175245
2012-08-28 16:07:52,5.671774977615553
2012-08-28 16:08:03,0.6844395954300846
2012-08-28 16:08:12,3.069219311404281
2012-08-28 16:08:23,5.693798625535408
2012-08-28 16:08:33,2.1180671859345606
2012-08-28 16:08:42,0.48721157754503824
2012-08-28 16:08:53,0.3953210292094805
2012-08-28 16:09:02,0.3382804785084764
2012-08-28 16:09:13,0.7769571996423363
2012-08-28 16:09:23,0.5277356948035155
2012-08-28 16:09:32,0.5277356948035155
2012-08-28 16:09:43,0.5277356948035155
2012-08-28 16:09:52,0.5277356948035155
2012-08-28 16:10:03,0.2186660245049507
2012-08-28 16:10:13,0.22657274856078433
2012-08-28 16:10:22,0.22657274856078433
2012-08-28 16:10:33,0.22657274856078433
2012-08-28 16:10:42,2.1781322319340912
2012-08-28 16:10:52,1.597010382047045
2012-08-28 16:11:03,2.5236921026996284
2012-08-28 16:11:12,2.5236921026677726
2012-08-28 16:11:23,2.5236921026935386
2012-08-28 16:11:32,2.5236921026677726
2012-08-28 16:11:42,2.5236921026996284
2012-08-28 16:11:53,5.646498434447358
2012-08-28 16:12:02,7.1105676913761275
2012-08-28 16:12:13,2.1193957225149376
2012-08-28 16:12:23,2.1193957225726012
2012-08-28 16:12:32,2.1193957225149376
2012-08-28 16:12:43,2.1193957225149376
2012-08-28 16:12:52,0.22810702970199465
2012-08-28 16:13:03,0.3444920681549564
2012-08-28 16:13:13,1.404027107373746
2012-08-28 16:13:22,0.6278608845745793
2012-08-28 16:13:33,3.32742965286722
2012-08-28 16:13:42,1.8131166626394748
2012-08-28 16:13:53,2.9815857572244577
2012-08-28 16:14:03,0.6825081977512302
2012-08-28 16:14:12,0.6675244209244638
2012-08-28 16:14:23,0.36240964557662797
2012-08-28 16:14:32,0.09718159227849307
2012-08-28 16:14:42,0.09718159230803909
2012-08-28 16:14:53,0.09718159227849307
2012-08-28 16:15:02,0.09718159227849307
2012-08-28 16:15:13,0.09718159227849307
2012-08-28 16:15:22,0.09718159230803909
2012-08-28 16:15:32,0.09718159227849307
2012-08-28 16:15:43,0.4143491706753408
2012-08-28 16:15:52,0.6321335543584458
2012-08-28 16:16:03,0.3705612712109054
2012-08-28 16:16:12,0.3705612712027428
2012-08-28 16:16:22,0.08056103376233519
2012-08-28 16:16:33,0.20550482588890975
2012-08-28 16:16:42,0.20550482588664062
2012-08-28 16:16:53,0.20550482588890975
2012-08-28 16:17:03,1.376742658169823
2012-08-28 16:17:12,1.3767426581156161
2012-08-28 16:17:23,0.565559474669293
2012-08-28 16:17:32,0.9100722733214441
2012-08-28 16:17:43,0.25149297383626984
2012-08-28 16:17:53,0.4536765068595082
2012-08-28 16:18:02,0.45367650686323185
2012-08-28 16:18:13,0.4536765068595082
2012-08-28 16:18:22,0.7065205188904851
2012-08-28 16:18:33,0.6966379611573663
2012-08-28 16:18:43,1.1552927493745275
2012-08-28 16:18:52,0.43161055245823093
2012-08-28 16:19:03,0.9984338159779635
2012-08-28 16:19:12,0.9041269769593854
2012-08-28 16:19:22,1.1041167248808652
2012-08-28 16:19:33,0.5343168623285655
2012-08-28 16:19:42,0.808639410117339
2012-08-28 16:19:53,5.7779806409807115
2012-08-28 16:20:02,4.856014043620449
2012-08-28 16:20:12,4.856014043620449
2012-08-28 16:20:23,6.3778383541872605
2012-08-28 16:20:32,4.357097641339762
2012-08-28 16:20:43,3.6873180661565668
2012-08-28 16:20:52,1.6699300393135512
2012-08-28 16:21:02,0.921057741101391
2012-08-28 16:21:13,0.9210577410975771
2012-08-28 16:21:22,0.9210577411509608
2012-08-28 16:21:33,0.921057741101391
2012-08-28 16:21:43,0.9210577410975771
2012-08-28 16:21:52,0.921057741101391
2012-08-28 16:22:03,0.9210577411509608
2012-08-28 16:22:12,0.9210577410975771
2012-08-28 16:22:23,0.921057741101391
2012-08-28 16:22:33,0.921057741101391
2012-08-28 16:22:42,0.9210577410975771
2012-08-28 16:22:53,0.9210577411509608
2012-08-28 16:23:02,0.921057741101391
2012-08-28 16:23:13,0.921057741101391
2012-08-28 16:23:23,0.9210577410975771
2012-08-28 16:23:32,0.9210577411509608
2012-08-28 16:23:43,0.921057741101391
2012-08-28 16:23:52,0.9210577410975771
2012-08-28 16:24:02,0.921057741101391
2012-08-28 16:24:13,0.9210577411509608
2012-08-28 16:24:22,0.9210577410975771
2012-08-28 16:24:33,0.921057741101391
2012-08-28 16:24:42,0.835169106748392
2012-08-28 16:24:52,0.6702326193278111
2012-08-28 16:25:03,0.3056785213195796
2012-08-28 16:25:12,0.8478602267914241
2012-08-28 16:25:23,1.7373601330175161
2012-08-28 16:25:32,0.7230371131294825
2012-08-28 16:25:42,1.9510169347794792
2012-08-28 16:25:53,2.3632330394872882
2012-08-28 16:26:02,0.3659714877711707
2012-08-28 16:26:13,3.310583299987484
2012-08-28 16:26:23,4.455563615772425
2012-08-28 16:26:32,2.391860767866873
2012-08-28 16:26:43,2.3918607678885304
2012-08-28 16:26:52,0.4475763733049549
2012-08-28 16:27:03,1.8313623728988913
2012-08-28 16:27:13,1.83136237284103
2012-08-28 16:27:22,0.16454833113517944
2012-08-28 16:27:33,2.497802250432237
2012-08-28 16:27:42,2.497802250432237
2012-08-28 16:27:53,2.497802250436279
2012-08-28 16:28:03,2.497802250432237
2012-08-28 16:28:12,1.5630038080727613
2012-08-28 16:28:23,1.5630038081273485
2012-08-28 16:28:32,1.5630038080727613
2012-08-28 16:28:42,0.21278374636310682
2012-08-28 16:28:53,0.17286751618995466
2012-08-28 16:29:02,0.17286751618995466
2012-08-28 16:29:13,0.33979616576795024
2012-08-28 16:29:22,0.3397961657699181
2012-08-28 16:29:32,0.3397961658239885
2012-08-28 16:29:43,0.3397961657699181
2012-08-28 16:29:52,0.33979616576795024
2012-08-28 16:30:03,0.3397961657699181
2012-08-28 16:30:13,0.3397961658239885
2012-08-28 16:30:22,0.33979616576795024
2012-08-28 16:30:33,0.3397961657699181
2012-08-28 16:30:42,0.33979616576795024
2012-08-28 16:30:53,0.3397961657699181
2012-08-28 16:31:03,0.3397961658239885
2012-08-28 16:31:12,0.3397961657699181
2012-08-28 16:31:23,0.33979616576795024
2012-08-28 16:31:32,0.3397961657699181
2012-08-28 16:31:43,0.3397961658239885
2012-08-28 16:31:53,0.33979616576795024
2012-08-28 16:32:02,0.3397961657699181
2012-08-28 16:32:13,0.33979616576795024
2012-08-28 16:32:22,0.3397961657699181
2012-08-28 16:32:33,0.3397961658239885
2012-08-28 16:32:43,0.3397961657699181
2012-08-28 16:32:52,0.33979616576795024
2012-08-28 16:33:03,0.33979616576795024
2012-08-28 16:33:12,0.3397961658259564
2012-08-28 16:33:22,0.33979616576795024
2012-08-28 16:33:33,0.3397961657699181
2012-08-28 16:33:42,0.33979616576795024
2012-08-28 16:33:53,0.3397961657699181
2012-08-28 16:34:02,0.3397961658239885
2012-08-28 16:34:12,0.33979616576795024
2012-08-28 16:34:23,0.3397961657699181
2012-08-28 16:34:32,0.33979616576795024
2012-08-28 16:34:43,0.3397961658259564
2012-08-28 16:34:53,0.33979616576795024
2012-08-28 16:35:02,0.3397961657699181
2012-08-28 16:35:13,0.33979616576795024
2012-08-28 16:35:22,0.33979616576795024
2012-08-28 16:35:33,0.3397961658259564
2012-08-28 16:35:43,0.33979616576795024
2012-08-28 16:35:52,0.3397961657699181
2012-08-28 16:36:03,0.33979616576795024
2012-08-28 16:36:12,0.3397961658259564
2012-08-28 16:36:23,0.33979616576795024
2012-08-28 16:36:33,0.3397961657699181
2012-08-28 16:36:42,0.33979616576795024
2012-08-28 16:36:53,0.3397961658239885
2012-08-28 16:37:02,0.3397961657699181
2012-08-28 16:37:12,0.33979616576795024
2012-08-28 16:37:23,0.3397961657699181
2012-08-28 16:37:32,0.33979616576795024
2012-08-28 16:37:43,0.3397961658259564
2012-08-28 16:37:52,0.33979616576795024
2012-08-28 16:38:02,0.33979616576795024
2012-08-28 16:38:13,0.3397961657699181
2012-08-28 16:38:22,0.3397961658239885
2012-08-28 16:38:33,0.3397961657699181
2012-08-28 16:38:42,0.33979616576795024
2012-08-28 16:38:52,0.3397961657699181
2012-08-28 16:39:03,0.33979616576795024
2012-08-28 16:39:12,0.3397961658239885
2012-08-28 16:39:23,0.3397961657699181
2012-08-28 16:39:33,0.33979616576795024
2012-08-28 16:39:42,0.3397961657699181
2012-08-28 16:39:53,0.3397961658239885
2012-08-28 16:40:02,0.3397961657699181
2012-08-28 16:40:13,0.33979616576795024
2012-08-28 16:40:23,0.3397961657699181
2012-08-28 16:40:32,0.33979616576795024
2012-08-28 16:40:43,0.3397961658239885
2012-08-28 16:40:52,0.3397961657699181
2012-08-28 16:41:03,0.33979616576795024
2012-08-28 16:41:13,0.3397961657699181
2012-08-28 16:41:22,0.3397961658239885
2012-08-28 16:41:33,0.3397961657699181
2012-08-28 16:41:42,0.33979616576795024
2012-08-28 16:41:52,0.05757958420980614
2012-08-28 16:42:03,0.05757958426102213
2012-08-28 16:42:12,0.05757958421411415
2012-08-28 16:42:23,0.05757958420980614
2012-08-28 16:42:32,0.05757958420980614
2012-08-28 16:42:42,0.05757958421411415
2012-08-28 16:42:53,0.05757958426102213
2012-08-28 16:43:02,0.05757958420980614
2012-08-28 16:43:13,0.05757958420980614
2012-08-28 16:43:22,0.05757958426102213
2012-08-28 16:43:32,0.05757958421411415
2012-08-28 16:43:43,0.05757958420980614
2012-08-28 16:43:52,1.3040007447510646
2012-08-28 16:44:03,2.114943364702476
2012-08-28 16:44:13,0.8428402694121491
2012-08-28 16:44:22,0.7739785772129186
2012-08-28 16:44:33,0.15694253854038512
2012-08-28 16:44:42,0.3467641851483389
2012-08-28 16:44:53,0.44045269364218664
2012-08-28 16:45:03,0.3485547305490094
2012-08-28 16:45:12,0.670215361314946
2012-08-28 16:45:23,0.36408877221307107
2012-08-28 16:45:32,0.35828114187080995
2012-08-28 16:45:43,0.08012831202897605
2012-08-28 16:45:53,0.2005841305096452
2012-08-28 16:46:02,0.7461821016384116
2012-08-28 16:46:13,1.437425004665966
2012-08-28 16:46:22,0.4377986964597415
2012-08-28 16:46:32,0.6858282365814332
2012-08-28 16:46:43,0.38014856562019467
2012-08-28 16:46:52,0.5876500148949864
2012-08-28 16:47:03,0.2237882354639726
2012-08-28 16:47:12,0.8484663720879473
2012-08-28 16:47:22,0.05530143887844204
2012-08-28 16:47:33,0.43014039735541937
2012-08-28 16:47:42,1.1391721757762796
2012-08-28 16:47:53,1.2280423483743583
2012-08-28 16:48:02,0.9808696971643811
2012-08-28 16:48:12,0.38499203948520705
2012-08-28 16:48:23,0.1268956498462613
2012-08-28 16:48:32,0.1606882574358597
2012-08-28 16:48:43,0.1606882574381953
2012-08-28 16:48:53,0.1606882574358597
2012-08-28 16:49:02,1.58678232370201
2012-08-28 16:49:13,0.5147088579776853
2012-08-28 16:49:22,0.7751168174071791
2012-08-28 16:49:33,0.1720533695694167
2012-08-28 16:49:43,0.1720533695617094
2012-08-28 16:49:52,0.1720533695694167
2012-08-28 16:50:03,0.17205336956898515
2012-08-28 16:50:12,0.17205336956214093
2012-08-28 16:50:23,0.17205336956898515
2012-08-28 16:50:33,0.1720533695694167
2012-08-28 16:50:42,0.1720533695617094
2012-08-28 16:50:53,0.1720533695694167
2012-08-28 16:51:02,1.7663175160343028
2012-08-28 16:51:12,0.12019246875404306
2012-08-28 16:51:23,0.5077901935859374
2012-08-28 16:51:32,0.17863753914128774
2012-08-28 16:51:43,0.3422311822521852
2012-08-28 16:51:52,0.1192336826716702
2012-08-28 16:52:02,0.18248327591125446
2012-08-28 16:52:13,0.2616507731850574
2012-08-28 16:52:22,0.3023485068074998
2012-08-28 16:52:33,0.12555403036400054
2012-08-28 16:52:43,0.39873612664735775
2012-08-28 16:52:52,0.30783448433653954
2012-08-28 16:53:03,0.1493542469163207
2012-08-28 16:53:12,0.2712223293979793
2012-08-28 16:53:23,0.8763425845087033
2012-08-28 16:53:33,0.6187628949474243
2012-08-28 16:53:42,0.30157335934066815
2012-08-28 16:53:53,0.64920826833974
2012-08-28 16:54:02,0.28949997216871565
2012-08-28 16:54:13,0.642365803878852
2012-08-28 16:54:23,0.7609530201158337
2012-08-28 16:54:32,0.7609530200608309
2012-08-28 16:54:43,0.7609530201182146
2012-08-28 16:54:52,0.7609530200608309
2012-08-28 16:55:03,0.7609530201158337
2012-08-28 16:55:13,0.7609530200608309
2012-08-28 16:55:22,0.7609530201158337
2012-08-28 16:55:33,0.7609530201158337
2012-08-28 16:55:42,0.7609530200608309
2012-08-28 16:55:52,0.7609530201182146
2012-08-28 16:56:03,0.7609530200608309
2012-08-28 16:56:12,0.7609530201158337
2012-08-28 16:56:23,0.026396999036381343
2012-08-28 16:56:32,0.026396999030479856
2012-08-28 16:56:42,0.026396999036381343
2012-08-28 16:56:53,0.026396999030479856
2012-08-28 16:57:02,0.026396999036381343
2012-08-28 16:57:13,0.02639699899643329
2012-08-28 16:57:23,0.026396999036381343
2012-08-28 16:57:32,0.026396999030479856
2012-08-28 16:57:43,0.026396999036381343
2012-08-28 16:57:52,0.026396999030479856
2012-08-28 16:58:03,0.026396999036381343
2012-08-28 16:58:13,0.026396999036381343
2012-08-28 16:58:22,0.026396999030479856
2012-08-28 16:58:33,0.026396999036381343
2012-08-28 16:58:42,0.026396999030479856
2012-08-28 16:58:53,0.02639699900233478
2012-08-28 16:59:03,0.026396999030479856
2012-08-28 16:59:12,0.026396999036381343
2012-08-28 16:59:23,0.026396999030479856
2012-08-28 16:59:32,0.026396999036381343
2012-08-28 16:59:42,0.026396999036381343
2012-08-28 16:59:53,0.026396999030479856
2012-08-28 17:00:02,0.026396999036381343
2012-08-28 17:00:13,0.026396999030479856
2012-08-28 17:00:22,0.026396999036381343
2012-08-28 17:00:32,0.02639699899643329
2012-08-28 17:00:43,0.026396999036381343
2012-08-28 17:00:52,0.026396999030479856
2012-08-28 17:01:03,0.026396999036381343
2012-08-28 17:01:12,0.026396999030479856
2012-08-28 17:01:22,0.026396999036381343
2012-08-28 17:01:33,3.860446701483904
2012-08-28 17:01:42,5.056311888799253
2012-08-28 17:01:53,4.0023245287989
2012-08-28 17:02:03,1.1880345501940404
2012-08-28 17:02:12,0.23566337217304287
2012-08-28 17:02:23,0.23566337222922878
2012-08-28 17:02:32,0.23566337217304287
2012-08-28 17:02:43,0.23566337223112974
2012-08-28 17:02:53,0.23566337217304287
2012-08-28 17:03:02,0.23566337222922878
2012-08-28 17:03:13,0.23566337217304287
2012-08-28 17:03:22,0.6985044561924177
2012-08-28 17:03:33,2.0109867338344034
2012-08-28 17:03:43,5.948004440484829
2012-08-28 17:03:52,3.525811603340368
2012-08-28 17:04:03,0.671364802105906
2012-08-28 17:04:12,0.86622006395746
2012-08-28 17:04:22,0.246311195162324
2012-08-28 17:04:33,5.865800894353888
2012-08-28 17:04:42,7.481470965242725
2012-08-28 17:04:53,5.198192636943532
2012-08-28 17:05:02,1.0139852907965643
2012-08-28 17:05:12,1.31515909865351
2012-08-28 17:05:23,1.4062447656452
2012-08-28 17:05:32,2.5012123809186444
2012-08-28 17:05:43,0.5274104089113738
2012-08-28 17:05:52,0.4377740376349486
2012-08-28 17:06:02,0.22945615861471444
2012-08-28 17:06:13,0.20805787495166536
2012-08-28 17:06:22,0.3968846487972699
2012-08-28 17:06:33,0.1454980894772441
2012-08-28 17:06:43,0.8565758848277372
2012-08-28 17:06:52,0.4274570954579157
2012-08-28 17:07:03,2.2245026195028963
2012-08-28 17:07:12,2.415193878437831
2012-08-28 17:07:23,2.4151938784342244
2012-08-28 17:07:33,2.415193878437831
2012-08-28 17:07:42,2.415193878437831
2012-08-28 17:07:53,2.4151938784883846
2012-08-28 17:08:02,2.4151938784342244
2012-08-28 17:08:13,2.415193878437831
2012-08-28 17:08:23,2.415193878437831
2012-08-28 17:08:32,2.4151938784342244
2012-08-28 17:08:43,2.415193878437831
2012-08-28 17:08:52,2.415193878437831
2012-08-28 17:09:02,2.415193878437831
2012-08-28 17:09:13,2.4151938784342244
2012-08-28 17:09:22,2.415193878437831
2012-08-28 17:09:33,2.4151938784883846
2012-08-28 17:09:42,2.4151938784342244
2012-08-28 17:09:52,2.415193878437831
2012-08-28 17:10:03,2.415193878437831
2012-08-28 17:10:12,2.415193878437831
2012-08-28 17:10:23,2.4151938784342244
2012-08-28 17:10:32,2.415193878437831
2012-08-28 17:10:42,2.415193878437831
2012-08-28 17:10:53,2.4151938784342244
2012-08-28 17:11:02,2.4151938784883846
2012-08-28 17:11:13,2.415193878437831
2012-08-28 17:11:23,2.415193878437831
2012-08-28 17:11:32,2.4151938784342244
2012-08-28 17:11:43,2.415193878437831
2012-08-28 17:11:52,2.415193878437831
2012-08-28 17:12:03,2.4151938784342244
2012-08-28 17:12:13,2.415193878437831
2012-08-28 17:12:22,2.415193878437831
2012-08-28 17:12:33,2.4151938784883846
2012-08-28 17:12:42,2.4151938784342244
2012-08-28 17:12:53,2.415193878437831
2012-08-28 17:13:03,2.415193878437831
2012-08-28 17:13:12,2.4151938784342244
2012-08-28 17:13:23,2.415193878437831
2012-08-28 17:13:32,2.415193878437831
2012-08-28 17:13:42,2.415193878437831
2012-08-28 17:13:53,2.4151938784342244
2012-08-28 17:14:02,2.415193878437831
2012-08-28 17:14:13,2.4151938784883846
2012-08-28 17:14:22,2.4151938784342244
2012-08-28 17:14:32,2.415193878437831
2012-08-28 17:14:43,2.415193878437831
2012-08-28 17:14:52,2.415193878437831
2012-08-28 17:15:03,2.4151938784342244
2012-08-28 17:15:13,2.415193878437831
2012-08-28 17:15:22,2.415193878437831
2012-08-28 17:15:33,2.4151938784342244
2012-08-28 17:15:42,2.4151938784883846
2012-08-28 17:15:53,2.415193878437831
2012-08-28 17:16:03,2.415193878437831
2012-08-28 17:16:12,2.4151938784342244
2012-08-28 17:16:23,2.415193878437831
2012-08-28 17:16:32,0.4002282080079864
2012-08-28 17:16:43,1.3143045236369602
2012-08-28 17:16:53,4.870227864681225
2012-08-28 17:17:02,0.2936990773378474
2012-08-28 17:17:13,1.4594896043251067
2012-08-28 17:17:22,0.43777434441829033
2012-08-28 17:17:33,2.6924443857830602
2012-08-28 17:17:43,2.6924443858268776
2012-08-28 17:17:52,2.6924443857830602
2012-08-28 17:18:03,2.6924443858268776
2012-08-28 17:18:12,2.6924443857830602
2012-08-28 17:18:22,0.5433540377918392
2012-08-28 17:18:33,0.5433540377990964
2012-08-28 17:18:42,0.48433611180070524
2012-08-28 17:18:53,0.48433611179499964
2012-08-28 17:19:02,0.48433611180070524
2012-08-28 17:19:12,0.3185604611397743
2012-08-28 17:19:23,0.31856046119145076
2012-08-28 17:19:32,0.3185604611397743
2012-08-28 17:19:43,0.8633497991059722
2012-08-28 17:19:53,0.16355066675555227
2012-08-28 17:20:02,0.15627662757383437
2012-08-28 17:20:13,0.5973972635721604
2012-08-28 17:20:22,0.643908653268905
2012-08-28 17:20:33,0.8241920987953424
2012-08-28 17:20:43,0.4556542305837049
2012-08-28 17:20:52,0.5215541669639616
2012-08-28 17:21:03,0.5215541669396329
2012-08-28 17:21:12,0.4093825233754937
2012-08-28 17:21:23,0.3156600188949478
2012-08-28 17:21:33,1.180443733720424
2012-08-28 17:21:42,0.41602470154686916
2012-08-28 17:21:53,0.41602470158389265
2012-08-28 17:22:02,0.7963929028486716
2012-08-28 17:22:12,0.7963929028152944
2012-08-28 17:22:23,0.23333140983685297
2012-08-28 17:22:32,0.6275865065928716
2012-08-28 17:22:43,0.5972561610486503
2012-08-28 17:22:52,0.08962308363869814
2012-08-28 17:23:02,2.842975739631709
2012-08-28 17:23:13,5.316489272397303
2012-08-28 17:23:22,1.1250793317348942
2012-08-28 17:23:33,0.9369474241920706
2012-08-28 17:23:42,0.6298482786331566
2012-08-28 17:23:52,0.045891265901526625
2012-08-28 17:24:03,0.6474568059672009
2012-08-28 17:24:12,0.2766536143225347
2012-08-28 17:24:23,0.46892421438262394
2012-08-28 17:24:33,0.05641130600368491
2012-08-28 17:24:42,0.1905767650770906
2012-08-28 17:24:53,1.0561673538683454
2012-08-28 17:25:02,0.6415998586257393
2012-08-28 17:25:13,5.163345531976463
2012-08-28 17:25:23,0.1620411676291044
2012-08-28 17:25:32,1.3426345215235653
2012-08-28 17:25:43,2.9422293625275904
2012-08-28 17:25:52,1.3283949967762299
2012-08-28 17:26:03,2.607975257798716
2012-08-28 17:26:13,1.547953815435348
2012-08-28 17:26:22,1.547953815435348
2012-08-28 17:26:33,0.4513885886703388
2012-08-28 17:26:42,0.4513885886703388
2012-08-28 17:26:52,1.3091638784838964
2012-08-28 17:27:03,1.267795805459069
2012-08-28 17:27:12,1.2677958054839378
2012-08-28 17:27:23,1.267795805459069
2012-08-28 17:27:32,1.8203746546033956
2012-08-28 17:27:42,2.0292042000695583
2012-08-28 17:27:53,2.0292042000695583
2012-08-28 17:28:02,1.5301151762419587
2012-08-28 17:28:13,1.5301151762351222
2012-08-28 17:28:22,1.9221695538753378
2012-08-28 17:28:32,2.3246134556557085
2012-08-28 17:28:43,0.6594512231716375
2012-08-28 17:28:52,1.562703493958451
2012-08-28 17:29:03,0.29562843914451326
2012-08-28 17:29:13,0.5910672165868823
2012-08-28 17:29:22,0.17924617553041639
2012-08-28 17:29:33,0.25438689838136574
2012-08-28 17:29:42,0.47245331638296656
2012-08-28 17:29:53,0.9400436059916912
2012-08-28 17:30:03,4.690946869314093
2012-08-28 17:30:12,2.5031937790533387
2012-08-28 17:30:23,2.5031937790083636
2012-08-28 17:30:32,2.5031937790480114
2012-08-28 17:30:43,2.5031937790533387
2012-08-28 17:30:53,2.503193779013691
2012-08-28 17:31:02,2.5031937790480114
2012-08-28 17:31:13,2.5974353518950024
2012-08-28 17:31:22,3.635188353508615
2012-08-28 17:31:32,5.775747391607827
2012-08-28 17:31:43,1.4862472817064958
2012-08-28 17:31:52,1.4862472817064958
2012-08-28 17:32:03,0.3799065339899418
2012-08-28 17:32:12,2.5870058395984357
2012-08-28 17:32:22,1.2533377053398727
2012-08-28 17:32:33,1.2533377053452992
2012-08-28 17:32:42,0.37318734568597456
2012-08-28 17:32:53,0.37318734568626477
2012-08-28 17:33:02,1.89674981115354
2012-08-28 17:33:12,2.5526844203516705
2012-08-28 17:33:23,2.5526844203516705
2012-08-28 17:33:32,2.5526844203516705
2012-08-28 17:33:43,1.4835851717876307
2012-08-28 17:33:53,8.41396494792604
2012-08-28 17:34:02,4.927006419177996
2012-08-28 17:34:13,2.422255520937433
2012-08-28 17:34:22,6.9372729375776965
2012-08-28 17:34:33,4.202551795541342
2012-08-28 17:34:43,4.202551795521854
2012-08-28 17:34:52,5.046313088444254
2012-08-28 17:35:03,5.441305981524256
2012-08-28 17:35:12,3.6868646924111075
2012-08-28 17:35:23,5.817217434113898
2012-08-28 17:35:33,7.730991532656674
2012-08-28 17:35:42,7.730991532620882
2012-08-28 17:35:53,5.62645400459045
2012-08-28 17:36:02,7.638817837681338
2012-08-28 17:36:12,8.306408899885918
2012-08-28 17:36:23,0.8852495722499871
2012-08-28 17:36:32,0.5399132921209608
2012-08-28 17:36:43,0.7578491093733628
2012-08-28 17:36:52,1.4272607222147522
2012-08-28 17:37:02,0.4309114340905709
2012-08-28 17:37:13,0.1890095036532058
2012-08-28 17:37:22,0.1890095036497982
2012-08-28 17:37:33,0.06999861750606087
2012-08-28 17:37:43,0.2748142838417162
2012-08-28 17:37:52,0.7005580471878705
2012-08-28 17:38:03,0.09466961954296862
2012-08-28 17:38:12,0.09466961954296862
2012-08-28 17:38:23,0.3369556718176172
2012-08-28 17:38:33,0.2604179859903942
2012-08-28 17:38:42,0.26041798596966664
2012-08-28 17:38:53,0.2604179859903942
2012-08-28 17:39:02,0.629170834891075
2012-08-28 17:39:13,0.629170834891075
2012-08-28 17:39:23,0.5582641254184998
2012-08-28 17:39:32,1.3795667020013502
2012-08-28 17:39:43,1.3795667020013502
2012-08-28 17:39:52,1.2477268821844851
2012-08-28 17:40:03,1.409012140550938
2012-08-28 17:40:13,1.4090121405088587
2012-08-28 17:40:22,4.187201147205055
2012-08-28 17:40:33,0.57685749573251
2012-08-28 17:40:42,2.2921620468340125
2012-08-28 17:40:52,0.7645509990363817
2012-08-28 17:41:03,3.394642815214195
2012-08-28 17:41:12,3.3946428152074857
2012-08-28 17:41:23,2.476879421661374
2012-08-28 17:41:32,2.47687942170653
2012-08-28 17:41:42,1.614452540269432
2012-08-28 17:41:53,1.614452540307641
2012-08-28 17:42:02,1.614452540269432
2012-08-28 17:42:13,1.614452540307641
2012-08-28 17:42:23,1.6144525402749212
2012-08-28 17:42:32,1.614452540307641
2012-08-28 17:42:43,1.614452540269432
2012-08-28 17:42:52,1.614452540307641
2012-08-28 17:43:03,1.614452540269432
2012-08-28 17:43:13,1.614452540307641
2012-08-28 17:43:22,1.614452540269432
2012-08-28 17:43:33,1.6144525403131298
2012-08-28 17:43:42,1.614452540269432
2012-08-28 17:43:53,1.614452540269432
2012-08-28 17:44:03,1.614452540307641
2012-08-28 17:44:12,1.614452540269432
2012-08-28 17:44:23,1.614452540307641
2012-08-28 17:44:32,1.614452540269432
2012-08-28 17:44:42,1.614452540307641
2012-08-28 17:44:53,1.614452540269432
2012-08-28 17:45:02,1.6144525403131298
2012-08-28 17:45:13,1.614452540269432
2012-08-28 17:45:22,1.614452540307641
2012-08-28 17:45:32,1.614452540269432
2012-08-28 17:45:43,1.614452540269432
2012-08-28 17:45:52,1.614452540307641
2012-08-28 17:46:03,1.614452540269432
2012-08-28 17:46:12,1.6144525403131298
2012-08-28 17:46:22,1.614452540269432
2012-08-28 17:46:33,1.614452540307641
2012-08-28 17:46:42,1.614452540269432
2012-08-28 17:46:53,1.614452540307641
2012-08-28 17:47:03,1.614452540269432
2012-08-28 17:47:12,1.614452540307641
2012-08-28 17:47:23,1.614452540269432
2012-08-28 17:47:32,1.614452540269432
2012-08-28 17:47:43,1.6144525403131298
2012-08-28 17:47:53,1.614452540269432
2012-08-28 17:48:02,1.614452540307641
2012-08-28 17:48:13,1.614452540269432
2012-08-28 17:48:22,1.614452540307641
2012-08-28 17:48:33,1.614452540269432
2012-08-28 17:48:43,1.614452540307641
2012-08-28 17:48:52,1.6144525402749212
2012-08-28 17:49:03,1.614452540307641
2012-08-28 17:49:12,1.614452540269432
2012-08-28 17:49:22,1.614452540307641
2012-08-28 17:49:33,1.614452540269432
2012-08-28 17:49:42,1.614452540269432
2012-08-28 17:49:53,1.614452540307641
2012-08-28 17:50:02,1.614452540269432
2012-08-28 17:50:12,1.614452540307641
2012-08-28 17:50:23,1.6144525402749212
2012-08-28 17:50:32,1.614452540307641
2012-08-28 17:50:43,1.614452540269432
2012-08-28 17:50:52,1.614452540307641
2012-08-28 17:51:02,1.614452540269432
2012-08-28 17:51:13,1.614452540307641
2012-08-28 17:51:22,1.614452540269432
2012-08-28 17:51:33,1.6144525402749212
2012-08-28 17:51:43,1.614452540307641
2012-08-28 17:51:52,1.614452540269432
2012-08-28 17:52:03,1.614452540307641
2012-08-28 17:52:12,1.614452540269432
2012-08-28 17:52:23,1.614452540307641
2012-08-28 17:52:33,1.614452540269432
2012-08-28 17:52:42,1.614452540307641
2012-08-28 17:52:53,1.614452540269432
2012-08-28 17:53:02,1.6144525403131298
2012-08-28 17:53:13,1.614452540269432
2012-08-28 17:53:23,1.614452540307641
2012-08-28 17:53:32,1.614452540269432
2012-08-28 17:53:43,0.1216170477364497
2012-08-28 17:53:52,0.121617047772036
2012-08-28 17:54:02,0.5442380023617788
2012-08-28 17:54:13,0.5442380023726824
2012-08-28 17:54:22,0.5442380023655352
2012-08-28 17:54:33,0.5442380023617788
2012-08-28 17:54:42,0.5442380023617788
2012-08-28 17:54:52,0.5442380023726824
2012-08-28 17:55:03,0.36407933762107497
2012-08-28 17:55:12,0.4903930040075582
2012-08-28 17:55:23,0.8273029229704191
2012-08-28 17:55:32,0.712262356990629
2012-08-28 17:55:42,0.712262356995741
2012-08-28 17:55:53,0.7122623570320492
2012-08-28 17:56:02,0.712262356995741
2012-08-28 17:56:13,0.712262356990629
2012-08-28 17:56:23,0.712262356995741
2012-08-28 17:56:32,0.7122623570320492
2012-08-28 17:56:43,0.712262356995741
2012-08-28 17:56:52,0.712262356990629
2012-08-28 17:57:03,0.712262356995741
2012-08-28 17:57:13,0.7122623570320492
2012-08-28 17:57:22,0.712262356995741
2012-08-28 17:57:33,0.712262356990629
2012-08-28 17:57:42,0.712262356995741
2012-08-28 17:57:53,0.7122623570320492
2012-08-28 17:58:03,0.712262356995741
2012-08-28 17:58:12,0.712262356990629
